"Proposal","Votes cast","Yes","Abstain","Meets approval threshold","Requested Ada","Status","Fund depletion","Reason for not funded status"
"Cardano at SusHiTech Tokyo: Japan's Premier Tech Summit","441","₳194,035,909","₳21,109,287","YES","₳60,000","FUNDED","₳2,940,000",""
"Discover Cardano with Ctrl Wallet – Short Video Series","105","₳98,638,955","₳13,313,188","YES","₳60,000","FUNDED","₳2,880,000",""
"CHARLI3 Oracles Hackathon","240","₳98,549,043","₳8,494,702","YES","₳60,000","FUNDED","₳2,820,000",""
"Gimbalabs ｜ VESPR - Cardano Onboarding Workshop Guideline","219","₳90,777,052","₳9,254,597","YES","₳60,000","FUNDED","₳2,760,000",""
"Empowering Real-World ADA Adoption with Ashiya Pool","243","₳88,806,066","₳30,807,654","YES","₳32,000","FUNDED","₳2,728,000",""
"SIDAN | Waffle - Hong Kong Cardano Community","172","₳84,819,482","₳11,807,915","YES","₳60,000","FUNDED","₳2,668,000",""
"Nucast: Music Video Festival 2026","133","₳82,077,411","₳15,354,501","YES","₳60,000","FUNDED","₳2,608,000",""
"by TxPipe - Cardano Buidler Fest Buenos Aires 2026","223","₳80,885,387","₳10,940,053","YES","₳60,000","FUNDED","₳2,548,000",""
"Cardano University Tour Argentina","134","₳80,146,040","₳25,073,605","YES","₳18,000","FUNDED","₳2,530,000",""
"Community CIP Editor Robert Phair: 6 month budget","181","₳78,127,790","₳13,925,422","YES","₳60,000","FUNDED","₳2,470,000",""
"Cardano Japan Hub Restart カルダノ・ジャパン・ハブ再起動","189","₳75,306,733","₳32,938,440","YES","₳50,600","FUNDED","₳2,419,400",""
"An all-in-one platform for the Korean Cardano community","254","₳74,243,455","₳14,728,617","YES","₳30,000","FUNDED","₳2,389,400",""
"IndiaCodeX ’26: India’s Largest Cardano Hackathon","188","₳72,221,113","₳8,327,301","YES","₳60,000","FUNDED","₳2,329,400",""
"SickCity: Artist onboarding Drive","127","₳71,822,866","₳15,647,041","YES","₳60,000","FUNDED","₳2,269,400",""
"[C2VN]: Hydra on Cardano – Complete Step-by-Step DApp Guide","231","₳66,235,569","₳3,634,904","YES","₳30,120","FUNDED","₳2,239,280",""
"Cardano Vietnam – National Blockchain Outreach 2026","162","₳63,884,808","₳8,395,616","YES","₳59,475","FUNDED","₳2,179,805",""
"University Forum in Argentina - Powered by Cardano","126","₳63,392,409","₳8,237,852","YES","₳48,000","FUNDED","₳2,131,805",""
"Amplify Cardano: Community-Led Marketing by Rare Network","131","₳63,036,901","₳13,052,596","YES","₳50,000","FUNDED","₳2,081,805",""
"Smart Content + Grassroots growth for a Stronger Cardano","140","₳61,370,173","₳8,109,689","YES","₳43,300","FUNDED","₳2,038,505",""
"Cardano Vietnam Monthly Meetups 2026","172","₳60,006,769","₳9,629,621","YES","₳58,650","FUNDED","₳1,979,855",""
"Cardano Hub NBO - Grassroot Community Building by LidoNation","129","₳58,983,697","₳8,816,978","YES","₳46,800","FUNDED","₳1,933,055",""
"Vietnamese Aiken Onboarding Resource for Developers","107","₳56,826,201","₳8,505,517","YES","₳28,000","FUNDED","₳1,905,055",""
"SEA Hackathon: Shaping Southest Asia's Next Cardano Builders","137","₳54,240,728","₳7,746,975","YES","₳44,970","FUNDED","₳1,860,085",""
"Sustain and Maintain Gimbalabs","291","₳54,078,109","₳9,806,623","YES","₳60,000","FUNDED","₳1,800,085",""
"Catalyst Funded Cardano Startup Booths at Rare Evo 2026","123","₳53,534,309","₳6,990,315","YES","₳50,000","FUNDED","₳1,750,085",""
"Amplify Cardano: Community-Led Events by Rare Network","122","₳51,596,129","₳10,790,939","YES","₳50,000","FUNDED","₳1,700,085",""
"Vietnam Unitour: Cardano Growth in Uni & Student Onboarding","172","₳50,783,739","₳14,289,019","YES","₳60,000","FUNDED","₳1,640,085",""
"Prisma Argentina Action-Learning Journey","156","₳49,993,656","₳12,030,566","YES","₳60,000","FUNDED","₳1,580,085",""
"[Aladin]: Building a Freelancer Community for Cardano","130","₳47,085,694","₳8,011,513","YES","₳56,380","FUNDED","₳1,523,705",""
"Vietnam University Cardano Workshop & Onboarding Series","152","₳46,427,969","₳25,412,841","YES","₳59,375","FUNDED","₳1,464,330",""
"ZK from zero on Cardano [ebook] by elRaulito","232","₳46,008,968","₳29,382,501","YES","₳60,000","FUNDED","₳1,404,330",""
"eUTxO Fundamentals: Plutarch and more [eBook] by elRaulito","196","₳45,559,774","₳6,937,888","YES","₳58,000","FUNDED","₳1,346,330",""
"Bright Future @ Ethio Japan High School | エチオジャパンハイスクールで輝く未来","199","₳45,291,239","₳31,558,151","YES","₳17,540","FUNDED","₳1,328,790",""
"PyCardano: The Ultimate Course for Python and AI Developers","167","₳44,925,537","₳3,505,536","YES","₳42,600","FUNDED","₳1,286,190",""
"1000 Developers Trained: Growing Cardano in Kenya & Nigeria","210","₳43,585,534","₳13,066,173","NO","₳30,400","NOT FUNDED","₳1,286,190","Approval Threshold"
"Defense & Aerospace Blockchain Security Initiative","153","₳43,527,297","₳11,521,474","NO","₳60,000","NOT FUNDED","₳1,286,190","Approval Threshold"
"Ouroboros Leios Online Training","161","₳43,450,171","₳6,894,554","NO","₳30,000","NOT FUNDED","₳1,286,190","Approval Threshold"
"Cardano Automotive Initiative: Blockchain Mobility Solutions","153","₳43,385,006","₳13,379,481","NO","₳60,000","NOT FUNDED","₳1,286,190","Approval Threshold"
"[FIMI] Blockchain Course for Vietnamese","276","₳41,764,145","₳13,188,940","NO","₳35,000","NOT FUNDED","₳1,286,190","Approval Threshold"
"Catalyst Review Made Trustworthy with Andamio Protocol","184","₳41,637,322","₳10,468,687","NO","₳60,000","NOT FUNDED","₳1,286,190","Approval Threshold"
"[C2VN]: Lucid video course for the community's Developers","180","₳40,967,080","₳8,771,363","NO","₳24,720","NOT FUNDED","₳1,286,190","Approval Threshold"
"[C2VN]: Opshin video course for the community's Developers","178","₳40,347,561","₳7,250,696","NO","₳34,140","NOT FUNDED","₳1,286,190","Approval Threshold"
"[CaFi] Aiken Complete Guide: In-depth Cardano Programming","170","₳40,152,824","₳8,815,650","NO","₳25,470","NOT FUNDED","₳1,286,190","Approval Threshold"
"Organising events that keep Cardano in the news in Japan 2","180","₳40,067,872","₳34,410,695","NO","₳60,000","NOT FUNDED","₳1,286,190","Approval Threshold"
"Online Cardano Training","174","₳39,980,023","₳28,754,483","NO","₳30,000","NOT FUNDED","₳1,286,190","Approval Threshold"
"Project Catalyst dRep Analysis Framework","164","₳39,722,232","₳7,505,368","NO","₳59,920","NOT FUNDED","₳1,286,190","Approval Threshold"
"JAPANGO: DID/SBT passport to reach 36M+ visitors to japan","253","₳38,422,932","₳33,908,528","NO","₳56,732","NOT FUNDED","₳1,286,190","Approval Threshold"
"I can Aiken - translation to Russian","117","₳37,626,047","₳8,349,863","NO","₳19,200","NOT FUNDED","₳1,286,190","Approval Threshold"
"Cardano Hub at Irish University","145","₳35,907,487","₳13,126,312","NO","₳60,000","NOT FUNDED","₳1,286,190","Approval Threshold"
"[FIMI] Cardano Talk for Vietnamese","285","₳35,812,727","₳12,766,766","NO","₳17,500","NOT FUNDED","₳1,286,190","Approval Threshold"
"Cardano DeFi Made Simple: Open Video Series & Learning Hub","166","₳34,685,602","₳8,601,849","NO","₳48,000","NOT FUNDED","₳1,286,190","Approval Threshold"
"DRep Online Training","179","₳33,588,029","₳11,503,266","NO","₳21,000","NOT FUNDED","₳1,286,190","Approval Threshold"
"Enterprise Support for Cardano Adoption - STORM Partners","122","₳32,936,459","₳9,235,606","NO","₳59,500","NOT FUNDED","₳1,286,190","Approval Threshold"
"[C2VN]: Cardano Blockchain Online Programming Course","183","₳32,245,626","₳9,420,329","NO","₳42,800","NOT FUNDED","₳1,286,190","Approval Threshold"
"Electronics & Sensors Blockchain Integration Program","158","₳31,986,868","₳13,345,895","NO","₳60,000","NOT FUNDED","₳1,286,190","Approval Threshold"
"Cardano Railway Initiative: Blockchain Railway Solution","142","₳31,874,248","₳12,181,503","NO","₳60,000","NOT FUNDED","₳1,286,190","Approval Threshold"
"Gimbalabs - Regional Cardano Student Society Playbook","178","₳30,842,145","₳12,242,404","NO","₳60,000","NOT FUNDED","₳1,286,190","Approval Threshold"
"Bitcoin DeFi Education for Cardano on Andamio Platform","166","₳30,687,023","₳6,713,131","NO","₳15,000","NOT FUNDED","₳1,286,190","Approval Threshold"
"ALBA Network: Cardano's Bridge to LATAM Academia","205","₳30,507,693","₳11,424,495","NO","₳60,000","NOT FUNDED","₳1,286,190","Approval Threshold"
"[CaFiNet] Cardano & Midnight The Privacy Revolution","131","₳29,097,498","₳4,375,225","NO","₳32,300","NOT FUNDED","₳1,286,190","Approval Threshold"
"From Beginner to Pro: Cardano Developer 101 & 201 Series","160","₳28,603,890","₳21,455,030","NO","₳39,875","NOT FUNDED","₳1,286,190","Approval Threshold"
"Free Tier for Small SPOs - Fully Managed SPO Service","148","₳28,266,601","₳8,693,193","NO","₳15,000","NOT FUNDED","₳1,286,190","Approval Threshold"
"ZK Bootcamp for Cardano by Eryx","137","₳28,080,406","₳13,710,493","NO","₳60,000","NOT FUNDED","₳1,286,190","Approval Threshold"
"Cardano Educational Hub at Hawassa University","168","₳27,703,148","₳12,418,051","NO","₳50,000","NOT FUNDED","₳1,286,190","Approval Threshold"
"[FIMI] Podcast Cardano on Telegram for Vietnamese","262","₳27,083,928","₳9,993,008","NO","₳17,940","NOT FUNDED","₳1,286,190","Approval Threshold"
"dRep Voting Power Saturation Research","112","₳27,083,302","₳11,343,141","NO","₳60,000","NOT FUNDED","₳1,286,190","Approval Threshold"
"Sustainability Blockchain Initiative: Cardano for ESG","138","₳26,975,679","₳13,391,093","NO","₳60,000","NOT FUNDED","₳1,286,190","Approval Threshold"
"All-In-One Haskell Learning Platform","205","₳26,576,132","₳9,825,684","NO","₳60,000","NOT FUNDED","₳1,286,190","Approval Threshold"
"I Can Plutus: Beginner-to-Pro Smart Contract Education","154","₳26,173,566","₳8,454,269","NO","₳58,000","NOT FUNDED","₳1,286,190","Approval Threshold"
"[FIMI] Bring Cardano Videos to Vietnamese","248","₳25,789,764","₳7,658,521","NO","₳28,500","NOT FUNDED","₳1,286,190","Approval Threshold"
"GreenStore EDU: Sustainabe Digital Storage for Institutions","101","₳25,784,907","₳11,626,522","NO","₳45,000","NOT FUNDED","₳1,286,190","Approval Threshold"
"Global Cardano Community IRL Event for Education & Adoption","95","₳25,746,701","₳6,540,907","NO","₳55,000","NOT FUNDED","₳1,286,190","Approval Threshold"
"ALBA: Cardano U-Labs Chile–Mexico Pilot for Node Ops & DApps","170","₳25,502,097","₳10,473,617","NO","₳60,000","NOT FUNDED","₳1,286,190","Approval Threshold"
"Project Catalyst Mentorship Bureau","141","₳25,265,084","₳7,243,321","NO","₳58,410","NOT FUNDED","₳1,286,190","Approval Threshold"
"[CaFi] Peer-Reviewed Research Paper Library in Vietnamese","180","₳24,614,263","₳8,271,331","NO","₳18,665","NOT FUNDED","₳1,286,190","Approval Threshold"
"Cardano For the M₳sses - translation into Russian","142","₳24,380,390","₳17,197,164","NO","₳17,500","NOT FUNDED","₳1,286,190","Approval Threshold"
"Cardano Real-World Impact: India Blockchain Week Side Event","148","₳24,212,395","₳6,621,930","NO","₳55,000","NOT FUNDED","₳1,286,190","Approval Threshold"
"The Bitcoin Family x OLi: Bridging Bitcoin to Cardano","152","₳24,096,505","₳6,635,626","NO","₳55,000","NOT FUNDED","₳1,286,190","Approval Threshold"
"Catalyst Bootcamps 4 inclusion","158","₳23,962,753","₳5,340,057","NO","₳17,480","NOT FUNDED","₳1,286,190","Approval Threshold"
"Cardano Connect Dubai: Mastering & Community Growth","132","₳23,845,821","₳13,152,220","NO","₳60,000","NOT FUNDED","₳1,286,190","Approval Threshold"
"GINI (German Industry Innovation) Event Series","148","₳23,831,537","₳10,657,002","NO","₳60,000","NOT FUNDED","₳1,286,190","Approval Threshold"
"Cardano.Build v2 Upgrade, including GenAI Integration","135","₳23,569,853","₳12,833,034","NO","₳60,000","NOT FUNDED","₳1,286,190","Approval Threshold"
"SanchoNet Education Network Governance Resources","157","₳23,505,784","₳9,777,051","NO","₳60,000","NOT FUNDED","₳1,286,190","Approval Threshold"
"Cexplorer: Cardano Project Mentorship & Accelerator","139","₳23,413,787","₳8,636,501","NO","₳50,000","NOT FUNDED","₳1,286,190","Approval Threshold"
"Crypto Confidence – A Motivational Series in Amharic","93","₳23,371,732","₳13,031,456","NO","₳30,000","NOT FUNDED","₳1,286,190","Approval Threshold"
"Blockchain4Good Summit: gateway to UN/NGOs for Cardano dApps","166","₳23,295,515","₳12,538,635","NO","₳60,000","NOT FUNDED","₳1,286,190","Approval Threshold"
"Learn and Build High-Speed GameFi with Hydra","177","₳23,170,888","₳5,958,252","NO","₳45,000","NOT FUNDED","₳1,286,190","Approval Threshold"
"Catalyst Start-up Incubation","101","₳23,098,203","₳8,672,274","NO","₳16,500","NOT FUNDED","₳1,286,190","Approval Threshold"
"Cardano Medical Initiative: Blockchain Healthcare Solutions","140","₳23,074,088","₳10,411,278","NO","₳60,000","NOT FUNDED","₳1,286,190","Approval Threshold"
"Taking Cardano to Amazon Music & Google Podcast Platforms","128","₳22,882,342","₳14,694,180","NO","₳33,000","NOT FUNDED","₳1,286,190","Approval Threshold"
"[5PC] Hoskinson's Cardano Journey: Educating the Community","159","₳22,769,793","₳13,408,827","NO","₳50,560","NOT FUNDED","₳1,286,190","Approval Threshold"
"Research-Backed Viral Shorts to Bust Cardano Myths","114","₳22,638,034","₳26,412,122","NO","₳60,000","NOT FUNDED","₳1,286,190","Approval Threshold"
"Cardano India Developers Community Hub","178","₳22,581,628","₳7,942,220","NO","₳54,000","NOT FUNDED","₳1,286,190","Approval Threshold"
"Enterprise Events, BD & Partnerships - STORM Partners","109","₳22,473,917","₳24,637,384","NO","₳59,500","NOT FUNDED","₳1,286,190","Approval Threshold"
"100% On-Chain Legally Binding Agreements and Smart Contracts","123","₳22,437,538","₳5,019,202","NO","₳58,000","NOT FUNDED","₳1,286,190","Approval Threshold"
"Funding the Commons: Driving RealFi + Catalyst Submissions","121","₳22,409,106","₳12,054,100","NO","₳60,000","NOT FUNDED","₳1,286,190","Approval Threshold"
"Cexplorer: Cardano Related High-quality Articles Incl. Share","132","₳22,143,916","₳12,803,139","NO","₳50,000","NOT FUNDED","₳1,286,190","Approval Threshold"
"First Tigrigna Cardano Hub: Learn, Build, Connect Worldwide","136","₳22,106,591","₳10,544,447","NO","₳36,700","NOT FUNDED","₳1,286,190","Approval Threshold"
"The Great African Run – Powered by Cardano Blockchain","121","₳22,090,700","₳15,283,826","NO","₳58,000","NOT FUNDED","₳1,286,190","Approval Threshold"
"GTM Acceleration for Cardano Builders - STORM Partners","98","₳22,073,174","₳9,101,795","NO","₳59,500","NOT FUNDED","₳1,286,190","Approval Threshold"
"Comprehensive Course on Cardano Node Infrastructure","128","₳21,807,333","₳6,405,769","NO","₳58,560","NOT FUNDED","₳1,286,190","Approval Threshold"
"AIKEN Smart Contract Developer Experience Workshop Series","146","₳21,737,843","₳8,444,862","NO","₳30,000","NOT FUNDED","₳1,286,190","Approval Threshold"
"Cardano QR Code Hunt: Gamified Learning","99","₳21,624,052","₳7,564,386","NO","₳43,550","NOT FUNDED","₳1,286,190","Approval Threshold"
"startup accelerator for Cardano-based projects","105","₳21,478,251","₳11,237,503","NO","₳50,000","NOT FUNDED","₳1,286,190","Approval Threshold"
"MCU Cardano DeFi Workshop 2026: Learning Liqwid Finance","113","₳21,330,724","₳8,458,598","NO","₳41,794","NOT FUNDED","₳1,286,190","Approval Threshold"
"Cardano Content Creators Agency - Bridging Gap with Projects","118","₳21,177,457","₳15,009,432","NO","₳60,000","NOT FUNDED","₳1,286,190","Approval Threshold"
"Cardano Creators Contest: Building Global Ambassador Network","120","₳21,164,926","₳14,980,357","NO","₳60,000","NOT FUNDED","₳1,286,190","Approval Threshold"
"Cardano Catalyst And Health Talk For The Aged In Accra","101","₳20,860,464","₳9,732,996","NO","₳25,005","NOT FUNDED","₳1,286,190","Approval Threshold"
"[CaFi] Mastering Cardano – Vietnamese Edition","159","₳20,543,210","₳7,876,931","NO","₳29,819","NOT FUNDED","₳1,286,190","Approval Threshold"
"Cardano Unchained: Animated Explainers for Mass Adoption","101","₳20,178,512","₳6,952,730","NO","₳21,050","NOT FUNDED","₳1,286,190","Approval Threshold"
"Seasons of Collaboration: Funding the ODIN Initiative","116","₳20,125,489","₳11,589,450","NO","₳60,000","NOT FUNDED","₳1,286,190","Approval Threshold"
"[C2VN] University Cardano Integration: Education to Research","184","₳20,027,277","₳6,329,056","NO","₳49,400","NOT FUNDED","₳1,286,190","Approval Threshold"
"Governance in Pictures","132","₳20,024,486","₳23,789,984","NO","₳25,000","NOT FUNDED","₳1,286,190","Approval Threshold"
"Cardano Stars Youtuber Hype for 100 Developers","105","₳19,942,822","₳8,195,012","NO","₳29,600","NOT FUNDED","₳1,286,190","Approval Threshold"
"Cardano DACH Region BD & Startup Acceleration Program","108","₳19,606,035","₳13,760,944","NO","₳60,000","NOT FUNDED","₳1,286,190","Approval Threshold"
"Cardano Student Club: Africa Expansion Phase 1","171","₳19,460,398","₳24,254,023","NO","₳54,500","NOT FUNDED","₳1,286,190","Approval Threshold"
"ADA Adoption Challenge in São Paulo","135","₳19,226,654","₳10,754,011","NO","₳58,000","NOT FUNDED","₳1,286,190","Approval Threshold"
"Blockchain Gateway Ethiopia: Cardano for All","108","₳19,215,068","₳12,422,904","NO","₳58,000","NOT FUNDED","₳1,286,190","Approval Threshold"
"Cardano Summits for University Students in Ethiopia","94","₳19,049,510","₳15,414,115","NO","₳46,000","NOT FUNDED","₳1,286,190","Approval Threshold"
"Vietnam Cardano Developer Boot Camp & Hackathon 2025","124","₳18,863,073","₳8,288,837","NO","₳42,000","NOT FUNDED","₳1,286,190","Approval Threshold"
"Empowering Teenage Girls into Blockchain with Cadrano","129","₳18,834,445","₳11,879,696","NO","₳30,000","NOT FUNDED","₳1,286,190","Approval Threshold"
"Agora Research Bureau - Voltaire","175","₳18,626,486","₳22,480,694","NO","₳59,834","NOT FUNDED","₳1,286,190","Approval Threshold"
"Cardano in Amharic: Ethiopia’s First Blockchain Media Hub","107","₳18,466,986","₳18,341,830","NO","₳60,000","NOT FUNDED","₳1,286,190","Approval Threshold"
"Cardano NFT Fest: Indigenous Art Meets Blockchain Innovation","118","₳18,368,472","₳15,083,217","NO","₳39,500","NOT FUNDED","₳1,286,190","Approval Threshold"
"[5PC] Cardano & Other Blockchains: A Friendly Layer 1 Guide","131","₳18,086,111","₳7,812,244","NO","₳15,952","NOT FUNDED","₳1,286,190","Approval Threshold"
"Daily X and YouTube Marketing by Angry Crypto Show","115","₳18,028,926","₳14,318,395","NO","₳60,000","NOT FUNDED","₳1,286,190","Approval Threshold"
"[CASIA] Cardano Asia #1 Cardano-Only TikTok Channel (no AI)","191","₳18,019,891","₳10,230,565","NO","₳54,000","NOT FUNDED","₳1,286,190","Approval Threshold"
"Cardano Meme Machine: AI-Generated Meme Video Campaign","97","₳18,016,186","₳10,323,356","NO","₳54,000","NOT FUNDED","₳1,286,190","Approval Threshold"
"Carbon Footprint with Cardano - Teambuilding Corporate","115","₳17,921,133","₳13,635,046","NO","₳60,000","NOT FUNDED","₳1,286,190","Approval Threshold"
"Translate & Publish ""I Can Aiken"" Book to Vietnamese","128","₳17,885,264","₳9,732,624","NO","₳40,000","NOT FUNDED","₳1,286,190","Approval Threshold"
"RWA/ blockchain attention camps in Gstaad and Montreux","97","₳17,819,946","₳8,865,405","NO","₳41,000","NOT FUNDED","₳1,286,190","Approval Threshold"
"DRep Mentorship Circle: Peer-to-Peer Governance Growth Model","98","₳17,781,564","₳7,593,721","NO","₳45,000","NOT FUNDED","₳1,286,190","Approval Threshold"
"Practical Cardano dApps for Community Impact","101","₳17,720,888","₳18,291,352","NO","₳60,000","NOT FUNDED","₳1,286,190","Approval Threshold"
"ECC Founder Hub – Continuation of European Cardano Community","122","₳17,699,230","₳14,232,970","NO","₳60,000","NOT FUNDED","₳1,286,190","Approval Threshold"
"Calderdale Cardano Centre: Crypto for West Yorkshire","89","₳17,486,590","₳9,682,052","NO","₳55,650","NOT FUNDED","₳1,286,190","Approval Threshold"
"Cardano Public Goods Hub","213","₳17,420,693","₳8,213,882","NO","₳45,000","NOT FUNDED","₳1,286,190","Approval Threshold"
"Cardano Indonesia : On-chain Governance Workshop 2025 - 2026","123","₳17,280,761","₳7,117,074","NO","₳21,164","NOT FUNDED","₳1,286,190","Approval Threshold"
"Udemy for Cardano","122","₳17,224,601","₳11,588,990","NO","₳60,000","NOT FUNDED","₳1,286,190","Approval Threshold"
"Connect The Dots: Monthly Cardano London Meetups","113","₳17,215,362","₳10,711,948","NO","₳31,283","NOT FUNDED","₳1,286,190","Approval Threshold"
"[UBA] University Cardano Developer Bootcamp & Hackathon","155","₳17,211,655","₳25,116,948","NO","₳46,000","NOT FUNDED","₳1,286,190","Approval Threshold"
"CardanoAgro LATAM Hub: Pilot Phase Brazil","125","₳17,163,662","₳12,211,869","NO","₳60,000","NOT FUNDED","₳1,286,190","Approval Threshold"
"Cardano and Web3 Onboarding Program in the DRC","173","₳17,142,113","₳8,378,550","NO","₳47,300","NOT FUNDED","₳1,286,190","Approval Threshold"
"Agora Governance Knowledge Base","150","₳17,139,970","₳7,676,771","NO","₳59,959","NOT FUNDED","₳1,286,190","Approval Threshold"
"Cardano 101: Secure Onboarding for New Users","150","₳17,052,164","₳6,365,795","NO","₳40,000","NOT FUNDED","₳1,286,190","Approval Threshold"
"[BBO] The 24-Hour Cardano Pulse","267","₳17,038,907","₳9,065,235","NO","₳44,320","NOT FUNDED","₳1,286,190","Approval Threshold"
"dRep4Schools - Student Leadership Meets Cardano Governance","108","₳16,756,318","₳12,715,628","NO","₳46,000","NOT FUNDED","₳1,286,190","Approval Threshold"
"Homeless Hub Ideas Lab - ideating dApps for homeless people","101","₳16,704,036","₳12,040,822","NO","₳45,660","NOT FUNDED","₳1,286,190","Approval Threshold"
"9DAO sample project","130","₳16,659,586","₳6,874,140","NO","₳19,500","NOT FUNDED","₳1,286,190","Approval Threshold"
"Cardano Blockchain Education for East African Universities","106","₳16,639,701","₳14,896,501","NO","₳60,000","NOT FUNDED","₳1,286,190","Approval Threshold"
"[C2VN]: Aiken Live Coding – Cardano Smart Contract Mastery","166","₳16,611,378","₳7,104,956","NO","₳48,600","NOT FUNDED","₳1,286,190","Approval Threshold"
"Cardano School for Gifted Entrepreneurs","150","₳16,567,030","₳7,738,959","NO","₳59,870","NOT FUNDED","₳1,286,190","Approval Threshold"
"Moldova Blockchain Centre","118","₳16,558,047","₳11,673,270","NO","₳60,000","NOT FUNDED","₳1,286,190","Approval Threshold"
"StaTwig Advocacy: Cardano for Good Governance","93","₳16,518,494","₳7,249,463","NO","₳30,000","NOT FUNDED","₳1,286,190","Approval Threshold"
"[5PC] Cardano Journey: Cardano Education & Expansion Podcast","159","₳16,448,033","₳8,977,761","NO","₳24,662","NOT FUNDED","₳1,286,190","Approval Threshold"
"SCATDAO Monthly DYOR Competitions and Scam Monitoring","140","₳16,444,677","₳21,559,009","NO","₳26,571","NOT FUNDED","₳1,286,190","Approval Threshold"
"ADApt Trondheim: Cardano _in-person_ Bootcamp Series","103","₳16,331,681","₳15,042,775","NO","₳60,000","NOT FUNDED","₳1,286,190","Approval Threshold"
"[VCC] Cardano asset tracker - Privacy, Easy and Free","168","₳16,288,845","₳7,668,434","NO","₳22,220","NOT FUNDED","₳1,286,190","Approval Threshold"
"Cardano Core Program: Boost 400+ Vietnam dApp-Ready Builders","124","₳16,260,789","₳9,343,943","NO","₳60,000","NOT FUNDED","₳1,286,190","Approval Threshold"
"Web3 Cites Network x Cardano","87","₳16,098,532","₳11,650,356","NO","₳60,000","NOT FUNDED","₳1,286,190","Approval Threshold"
"Content Creator DeFi Adoption Campaign","99","₳16,065,929","₳13,624,346","NO","₳60,000","NOT FUNDED","₳1,286,190","Approval Threshold"
"Cardano Community Showcase for Multichain Crowd – Berlin","98","₳15,906,464","₳7,718,813","NO","₳50,000","NOT FUNDED","₳1,286,190","Approval Threshold"
"CardaNative Enterprises and Agencies","98","₳15,845,982","₳14,775,152","NO","₳60,000","NOT FUNDED","₳1,286,190","Approval Threshold"
"Cardano Soomaali: YouTube & Telegram for Education","110","₳15,838,951","₳12,051,588","NO","₳48,000","NOT FUNDED","₳1,286,190","Approval Threshold"
"Global Townhall Summaries for LATAM 🌎✨🌎✨","105","₳15,782,097","₳8,839,404","NO","₳41,750","NOT FUNDED","₳1,286,190","Approval Threshold"
"Cardano Innovation Hub: Build Developers, Launch Ventures","140","₳15,715,180","₳15,507,429","NO","₳60,000","NOT FUNDED","₳1,286,190","Approval Threshold"
"Blockchain Adventures – A 6-Book Children’s Series","103","₳15,653,542","₳9,395,298","NO","₳22,000","NOT FUNDED","₳1,286,190","Approval Threshold"
"Cardano Summit Paraguay 2025","120","₳15,442,770","₳7,588,848","NO","₳26,000","NOT FUNDED","₳1,286,190","Approval Threshold"
"Sandbox Consolidation A Nationwide Push for Cardano Adoption","151","₳15,365,319","₳9,148,641","NO","₳58,800","NOT FUNDED","₳1,286,190","Approval Threshold"
"Revolutionizing Professional Accountability on Cardano","108","₳15,322,410","₳12,731,558","NO","₳60,000","NOT FUNDED","₳1,286,190","Approval Threshold"
"ESG Masters - a tech for sustainability conference format","97","₳14,942,893","₳13,771,666","NO","₳58,000","NOT FUNDED","₳1,286,190","Approval Threshold"
"[CaFiNet] Cardano Explorers: Explore the Cardano Ecosystem","105","₳14,832,831","₳10,098,577","NO","₳37,060","NOT FUNDED","₳1,286,190","Approval Threshold"
"Scaling Cardano’s Voice in Latin America","152","₳14,780,802","₳9,464,720","NO","₳45,000","NOT FUNDED","₳1,286,190","Approval Threshold"
"Cardano Incubator for students of universities in Venezuela","102","₳14,631,260","₳15,105,512","NO","₳60,000","NOT FUNDED","₳1,286,190","Approval Threshold"
"Linkberry Kenya – Cardano-Powered Creator Academy","118","₳14,552,711","₳9,415,679","NO","₳15,000","NOT FUNDED","₳1,286,190","Approval Threshold"
"Cardano Ghana Bootcamp","185","₳14,472,920","₳11,033,705","NO","₳33,000","NOT FUNDED","₳1,286,190","Approval Threshold"
"[5PC] Cardano Breaking News","163","₳14,447,566","₳10,414,278","NO","₳41,780","NOT FUNDED","₳1,286,190","Approval Threshold"
"Cardano 4Teens: Educating Teens for a Blockchain Future","108","₳14,412,765","₳21,902,984","NO","₳15,000","NOT FUNDED","₳1,286,190","Approval Threshold"
"Funding the Commons Buenos Aires Residency","125","₳14,401,184","₳14,175,874","NO","₳60,000","NOT FUNDED","₳1,286,190","Approval Threshold"
"1,000+ Cardano Wallets: Onboarding Perth, Western Australia","125","₳14,390,565","₳7,823,261","NO","₳34,800","NOT FUNDED","₳1,286,190","Approval Threshold"
"Nkrypt: A Grassroots Campaign for Cardano Creator Adoption","97","₳14,329,335","₳17,998,941","NO","₳60,000","NOT FUNDED","₳1,286,190","Approval Threshold"
"Blockforge Africa Incubator and Accelerator","116","₳14,297,185","₳21,454,472","NO","₳60,000","NOT FUNDED","₳1,286,190","Approval Threshold"
"Student Focus Curriculum for Cardano Devs","130","₳14,249,069","₳8,994,271","NO","₳59,000","NOT FUNDED","₳1,286,190","Approval Threshold"
"Cardano Awareness: Multilingual Blockchain Education","106","₳14,177,386","₳15,445,932","NO","₳50,000","NOT FUNDED","₳1,286,190","Approval Threshold"
"AfaanChain Academy: Bridging language gaps in blockchain.","89","₳14,091,089","₳7,315,946","NO","₳36,582","NOT FUNDED","₳1,286,190","Approval Threshold"
"Cardano Summit NYC 2026: Global DeFi Connect","146","₳14,057,600","₳29,346,867","NO","₳60,000","NOT FUNDED","₳1,286,190","Approval Threshold"
"Stablecoin Trading Bots Education and Marketplace Portal","116","₳13,994,859","₳8,013,467","NO","₳55,000","NOT FUNDED","₳1,286,190","Approval Threshold"
"Cardano Build Kitchen India : Ideate, Collaborate, Showcase","100","₳13,987,214","₳10,865,400","NO","₳60,000","NOT FUNDED","₳1,286,190","Approval Threshold"
"Brazil & Portugal: Aiken Course in Portuguese for Devs","126","₳13,943,275","₳9,971,828","NO","₳60,000","NOT FUNDED","₳1,286,190","Approval Threshold"
"Proof of Coffee – Cardano Talks","111","₳13,903,415","₳14,193,563","NO","₳40,000","NOT FUNDED","₳1,286,190","Approval Threshold"
"Cardano University Clubs Network (CUCN)","136","₳13,853,272","₳9,073,503","NO","₳41,800","NOT FUNDED","₳1,286,190","Approval Threshold"
"Building the Future Cardano Hub in Northeast Brazil","123","₳13,756,891","₳8,808,531","NO","₳35,000","NOT FUNDED","₳1,286,190","Approval Threshold"
"Cardano Blockchain Developer Certification in Latin America","112","₳13,619,043","₳23,138,087","NO","₳59,000","NOT FUNDED","₳1,286,190","Approval Threshold"
"Cardano in Spanish 3","146","₳13,537,081","₳10,652,951","NO","₳15,000","NOT FUNDED","₳1,286,190","Approval Threshold"
"Cardano TikTok Outreach: Engaging the Community","138","₳13,469,758","₳10,943,404","NO","₳55,100","NOT FUNDED","₳1,286,190","Approval Threshold"
"CARDANO CADETS: The Military Forces Initiative","99","₳13,457,098","₳17,574,832","NO","₳60,000","NOT FUNDED","₳1,286,190","Approval Threshold"
"[IVY] Expanding Cardano to Vietnam’s Investors and Builders","118","₳13,452,190","₳17,129,406","NO","₳60,000","NOT FUNDED","₳1,286,190","Approval Threshold"
"[CaFiNet] Cardano Legacy The Future Builders","98","₳13,372,188","₳25,106,655","NO","₳45,620","NOT FUNDED","₳1,286,190","Approval Threshold"
"Leader Talks - Cardano Streaming","91","₳13,355,905","₳7,837,848","NO","₳24,900","NOT FUNDED","₳1,286,190","Approval Threshold"
"LATAM Devs Army: +100 New Cardano Developers","105","₳13,242,936","₳5,895,147","NO","₳48,500","NOT FUNDED","₳1,286,190","Approval Threshold"
"Crypto Legislation via Popular Petition in Paraguay","104","₳13,136,329","₳13,293,794","NO","₳60,000","NOT FUNDED","₳1,286,190","Approval Threshold"
"Cardano Blockchain Education in Cameroon","121","₳13,111,214","₳11,666,530","NO","₳52,500","NOT FUNDED","₳1,286,190","Approval Threshold"
"Onboarding Dubai's Expat Coders to Cardano","127","₳13,110,094","₳14,834,450","NO","₳60,000","NOT FUNDED","₳1,286,190","Approval Threshold"
"Cardano University Ambassadors Network","124","₳13,099,049","₳11,622,835","NO","₳40,000","NOT FUNDED","₳1,286,190","Approval Threshold"
"Governance & Developer Workshops Across 5 African Countries","157","₳12,917,603","₳16,263,054","NO","₳60,000","NOT FUNDED","₳1,286,190","Approval Threshold"
"Cardano Course: Educating 20,000+ Learners with 25 courses","127","₳12,866,018","₳13,291,916","NO","₳60,000","NOT FUNDED","₳1,286,190","Approval Threshold"
"Cardano Hackathons: Addis Ababa & Adama","112","₳12,835,079","₳10,307,280","NO","₳59,500","NOT FUNDED","₳1,286,190","Approval Threshold"
"Token Issuance Legal Suite (TILS) for Cardano","110","₳12,815,486","₳13,488,468","NO","₳60,000","NOT FUNDED","₳1,286,190","Approval Threshold"
"Onboarding of college students in Brazil","107","₳12,738,774","₳8,253,442","NO","₳35,000","NOT FUNDED","₳1,286,190","Approval Threshold"
"Cardano for Educators: A Platform for Blockchain Education","108","₳12,703,257","₳13,348,868","NO","₳60,000","NOT FUNDED","₳1,286,190","Approval Threshold"
"KWARXS pres. BlockXBangkok – The Cardano Community Fusion","108","₳12,683,045","₳31,064,692","NO","₳60,000","NOT FUNDED","₳1,286,190","Approval Threshold"
"Onboarding Filipinos to Cardano: Education & Activation","120","₳12,653,755","₳9,651,207","NO","₳36,000","NOT FUNDED","₳1,286,190","Approval Threshold"
"Regenerative Cardano Bootcamp for Latin America","113","₳12,487,454","₳13,634,782","NO","₳60,000","NOT FUNDED","₳1,286,190","Approval Threshold"
"Cardano DeFi Use Cases & Success Stories PR Campaign","108","₳12,369,666","₳13,513,572","NO","₳60,000","NOT FUNDED","₳1,286,190","Approval Threshold"
"Advanced Milestone Reviewer Course Led by Program Veterans","111","₳12,259,474","₳7,194,210","NO","₳59,636","NOT FUNDED","₳1,286,190","Approval Threshold"
"Blockchain 101 University Workshop Series (Vietnam)","103","₳12,161,000","₳8,330,573","NO","₳16,000","NOT FUNDED","₳1,286,190","Approval Threshold"
"LATAM Cardano Community Operations","146","₳12,078,293","₳18,055,762","NO","₳60,000","NOT FUNDED","₳1,286,190","Approval Threshold"
"Francophone Access to Cardano Through Education","166","₳12,021,067","₳8,177,907","NO","₳47,367","NOT FUNDED","₳1,286,190","Approval Threshold"
"Hub Cardano in Brazil Operations - By GovChainLab","110","₳12,009,758","₳13,806,970","NO","₳60,000","NOT FUNDED","₳1,286,190","Approval Threshold"
"JellyLabs - Incubating & Accelerating Cardano Projects","128","₳12,006,663","₳14,017,715","NO","₳60,000","NOT FUNDED","₳1,286,190","Approval Threshold"
"Cardano Breakthrough: East African 6-City Hackathon","111","₳11,971,983","₳15,961,775","NO","₳60,000","NOT FUNDED","₳1,286,190","Approval Threshold"
"Corporate Promotion of Cardano","109","₳11,951,960","₳7,036,852","NO","₳50,000","NOT FUNDED","₳1,286,190","Approval Threshold"
"Cardano Green Legacy in Ethiopia and Kenya","105","₳11,939,452","₳13,052,705","NO","₳59,400","NOT FUNDED","₳1,286,190","Approval Threshold"
"Ride the Future: Promoting Cardano Through Motion & Media","134","₳11,877,471","₳12,449,221","NO","₳19,000","NOT FUNDED","₳1,286,190","Approval Threshold"
"[CaFi] Cardano News Digest – Phase 2","150","₳11,788,657","₳10,852,831","NO","₳38,340","NOT FUNDED","₳1,286,190","Approval Threshold"
"Cardano Onbording for 10,000+ UoPeople Students","89","₳11,765,547","₳6,113,415","NO","₳22,000","NOT FUNDED","₳1,286,190","Approval Threshold"
"Cardano Daily News in Portuguese - By GovChaibLab","114","₳11,755,154","₳10,247,585","NO","₳40,000","NOT FUNDED","₳1,286,190","Approval Threshold"
"Decentralized Finance Course for Beginners","114","₳11,747,672","₳22,028,727","NO","₳22,000","NOT FUNDED","₳1,286,190","Approval Threshold"
"Multilingual Cardano Education for Ethiopia","112","₳11,746,746","₳14,134,324","NO","₳30,714","NOT FUNDED","₳1,286,190","Approval Threshold"
"Cardano A–Z: Open Web Glossary for Everyone","102","₳11,735,589","₳9,486,438","NO","₳53,000","NOT FUNDED","₳1,286,190","Approval Threshold"
"CardanoQuest: Learn, Explore & Build on Cardano Easily","104","₳11,693,905","₳6,205,840","NO","₳23,000","NOT FUNDED","₳1,286,190","Approval Threshold"
"Asia is coming to Cardano Summit - Pukecast Invasion","102","₳11,692,790","₳14,517,088","NO","₳60,000","NOT FUNDED","₳1,286,190","Approval Threshold"
"High-Impact Investor Onboarding: Exclusive Cardano Growth","101","₳11,689,153","₳7,408,281","NO","₳16,100","NOT FUNDED","₳1,286,190","Approval Threshold"
"Cardano Store: Onboarding University Students at Tech Events","107","₳11,582,789","₳7,389,366","NO","₳35,000","NOT FUNDED","₳1,286,190","Approval Threshold"
"Vietnam Cardano Ideathon 2026","116","₳11,528,208","₳12,917,266","NO","₳60,000","NOT FUNDED","₳1,286,190","Approval Threshold"
"Defining the First Jurisprudential Milestones for Cardano","96","₳11,426,938","₳11,088,325","NO","₳60,000","NOT FUNDED","₳1,286,190","Approval Threshold"
"Learns Cardano – Expanding Cardano Education in Vietnamese","130","₳11,414,559","₳11,658,501","NO","₳48,000","NOT FUNDED","₳1,286,190","Approval Threshold"
"The ADA Song — Community Anthem & Remix Contest for Cardano","118","₳11,350,845","₳11,337,999","NO","₳18,000","NOT FUNDED","₳1,286,190","Approval Threshold"
"Cardano Ethio-Africa Hub at Addis Abebba","120","₳11,185,893","₳18,260,558","NO","₳60,000","NOT FUNDED","₳1,286,190","Approval Threshold"
"Cardano Enterprise GTM Toolkit","110","₳11,159,947","₳17,526,770","NO","₳60,000","NOT FUNDED","₳1,286,190","Approval Threshold"
"Launch and Showcase 6 Replicable Models to scale Cardano!","106","₳11,056,810","₳5,705,342","NO","₳58,400","NOT FUNDED","₳1,286,190","Approval Threshold"
"CTimelines Infographics – Promoting Cardano's History","105","₳11,050,272","₳11,003,194","NO","₳36,000","NOT FUNDED","₳1,286,190","Approval Threshold"
"[5PC]Catalyst in Motion – Viral TikTok Education","142","₳10,997,648","₳14,201,799","NO","₳38,740","NOT FUNDED","₳1,286,190","Approval Threshold"
"Cardano x FatboyKenya: 20K Wallets, 2 Cities, 6 Days","133","₳10,959,040","₳10,786,725","NO","₳58,000","NOT FUNDED","₳1,286,190","Approval Threshold"
"Cardano Awareness Campaign in Ethiopia","110","₳10,932,503","₳32,447,562","NO","₳60,000","NOT FUNDED","₳1,286,190","Approval Threshold"
"Unlocking Cardano in Kenya: Student Innovation Hackathon","121","₳10,856,314","₳24,923,625","NO","₳33,000","NOT FUNDED","₳1,286,190","Approval Threshold"
"AZTECA Hackathon in Latam First Edition","128","₳10,841,450","₳11,676,196","NO","₳60,000","NOT FUNDED","₳1,286,190","Approval Threshold"
"Cardano Policy Paper: Unlocking LATAM’s Path to Adoption","117","₳10,789,488","₳13,555,742","NO","₳60,000","NOT FUNDED","₳1,286,190","Approval Threshold"
"Community Code Review: Season 2","100","₳10,743,876","₳7,878,249","NO","₳24,000","NOT FUNDED","₳1,286,190","Approval Threshold"
"Cardano First steps in Nyiragongo/education and mobile money","117","₳10,727,609","₳5,319,134","NO","₳17,000","NOT FUNDED","₳1,286,190","Approval Threshold"
"Cardano's Future : Building the Young","103","₳10,727,131","₳11,267,885","NO","₳29,500","NOT FUNDED","₳1,286,190","Approval Threshold"
"Accessible Cardano educational resources in Spanish","107","₳10,716,861","₳10,096,995","NO","₳32,500","NOT FUNDED","₳1,286,190","Approval Threshold"
"Activating 100k Users: First Cardano Wallet & Tx","122","₳10,716,754","₳12,744,120","NO","₳60,000","NOT FUNDED","₳1,286,190","Approval Threshold"
"Women of Web3 Support Channels","114","₳10,709,764","₳14,531,594","NO","₳15,000","NOT FUNDED","₳1,286,190","Approval Threshold"
"Cardano for Northern Ghana: Empowering North on Cardano.","112","₳10,695,851","₳12,068,174","NO","₳45,000","NOT FUNDED","₳1,286,190","Approval Threshold"
"Automated Content Engine for Cardano Awareness","100","₳10,691,229","₳6,869,689","NO","₳35,000","NOT FUNDED","₳1,286,190","Approval Threshold"
"[Cardano Vietnam x Sky3Team] Vietnam Cardano Builder Hub","148","₳10,631,430","₳12,150,622","NO","₳55,125","NOT FUNDED","₳1,286,190","Approval Threshold"
"Explaining Blockchain Simply: Cardano Education for Everyone","107","₳10,628,804","₳11,382,467","NO","₳55,000","NOT FUNDED","₳1,286,190","Approval Threshold"
"Crypto Law Education for Lawyers","103","₳10,606,300","₳23,279,715","NO","₳30,000","NOT FUNDED","₳1,286,190","Approval Threshold"
"Catalyst Impact Analysis Study","103","₳10,572,848","₳22,927,070","NO","₳50,000","NOT FUNDED","₳1,286,190","Approval Threshold"
"Women on Chain Ethiopia: Cardano Literacy & Access","106","₳10,563,895","₳18,008,816","NO","₳60,000","NOT FUNDED","₳1,286,190","Approval Threshold"
"Cardano Gamified Playground For Highschool and University","95","₳10,520,668","₳9,205,889","NO","₳50,000","NOT FUNDED","₳1,286,190","Approval Threshold"
"LATAM Cardano yearly event - Colombia 2026","126","₳10,496,061","₳15,783,590","NO","₳60,000","NOT FUNDED","₳1,286,190","Approval Threshold"
"DevX Code & Conquer Series: Powered by Cardano","171","₳10,401,795","₳7,784,477","NO","₳58,638","NOT FUNDED","₳1,286,190","Approval Threshold"
"Brazil/Portugal: Daily Videos & Weekly Spaces on Cardano","128","₳10,228,140","₳13,765,770","NO","₳60,000","NOT FUNDED","₳1,286,190","Approval Threshold"
"Digital Assets Roundtable Series 2.0","125","₳10,197,834","₳14,680,421","NO","₳60,000","NOT FUNDED","₳1,286,190","Approval Threshold"
"Empowering Women in Ghana: Cardano Hubs for Blockchain & Biz","106","₳10,166,889","₳9,092,430","NO","₳20,000","NOT FUNDED","₳1,286,190","Approval Threshold"
"Erasmus Blockchain Club Network","101","₳10,150,514","₳8,904,906","NO","₳36,000","NOT FUNDED","₳1,286,190","Approval Threshold"
"Vendano: Physical HOSKY/NFT Card Campaign (10 US Cities)","143","₳10,116,115","₳36,134,076","NO","₳60,000","NOT FUNDED","₳1,286,190","Approval Threshold"
"Catalyst without Borders: Diversifying the Ballot","91","₳10,072,084","₳12,289,414","NO","₳46,000","NOT FUNDED","₳1,286,190","Approval Threshold"
"Cardano Pavilion at Premier Expos","105","₳10,058,088","₳16,192,593","NO","₳60,000","NOT FUNDED","₳1,286,190","Approval Threshold"
"onboard 30 ethiopian merchants to accept Cardano(ADA)","101","₳9,999,247","₳16,310,614","NO","₳40,000","NOT FUNDED","₳1,286,190","Approval Threshold"
"Bringing Blockchain to Our Community","100","₳9,991,778","₳11,177,086","NO","₳53,000","NOT FUNDED","₳1,286,190","Approval Threshold"
"Cardano C Library Course","126","₳9,989,983","₳10,501,403","NO","₳35,000","NOT FUNDED","₳1,286,190","Approval Threshold"
"KnightSafe - Onboarding Users as Traders Rulebook","128","₳9,985,493","₳15,498,331","NO","₳60,000","NOT FUNDED","₳1,286,190","Approval Threshold"
"Founders Guild: Cardano’s Founder Incubator","114","₳9,964,348","₳15,299,448","NO","₳60,000","NOT FUNDED","₳1,286,190","Approval Threshold"
"Cardano Woman Indonesia: Black Parade Campaign","115","₳9,938,887","₳10,915,446","NO","₳25,700","NOT FUNDED","₳1,286,190","Approval Threshold"
"Closing the Gender Gap in Cardano Through Survey Research","120","₳9,925,628","₳14,273,884","NO","₳60,000","NOT FUNDED","₳1,286,190","Approval Threshold"
"Cardano Community Bounties pilot Program","98","₳9,919,675","₳6,324,325","NO","₳39,000","NOT FUNDED","₳1,286,190","Approval Threshold"
"ADA Academy KNUST: Blockchain Education & Rewards Tour","87","₳9,882,208","₳8,313,527","NO","₳25,000","NOT FUNDED","₳1,286,190","Approval Threshold"
"Aksum Products – Cardano Media","98","₳9,863,723","₳10,868,020","NO","₳20,000","NOT FUNDED","₳1,286,190","Approval Threshold"
"CARDANO WINNER: Learn, Play & Win ADA Crypto!","174","₳9,805,567","₳8,633,947","NO","₳59,928","NOT FUNDED","₳1,286,190","Approval Threshold"
"Let’s Token! - Tokenization for a Better World on Cardano","110","₳9,802,018","₳26,920,137","NO","₳37,500","NOT FUNDED","₳1,286,190","Approval Threshold"
"Podcast: Cardano LATAM Voices 🎙️🌎🎧✨","116","₳9,797,334","₳11,257,398","NO","₳33,650","NOT FUNDED","₳1,286,190","Approval Threshold"
"10,000 Memes, One Voice: Cardano Goes Viral","148","₳9,777,442","₳8,881,702","NO","₳58,813","NOT FUNDED","₳1,286,190","Approval Threshold"
"Financial Literacy and Cardano for Disabled and Women","116","₳9,763,044","₳24,875,946","NO","₳34,400","NOT FUNDED","₳1,286,190","Approval Threshold"
"Cardano’s Online Presence for Enterprise Sales & BD","87","₳9,759,862","₳8,280,944","NO","₳45,000","NOT FUNDED","₳1,286,190","Approval Threshold"
"Cardano Afri-Hub","123","₳9,759,108","₳15,855,249","NO","₳60,000","NOT FUNDED","₳1,286,190","Approval Threshold"
"Access to Cardano Made Easy.","118","₳9,698,085","₳10,349,409","NO","₳27,000","NOT FUNDED","₳1,286,190","Approval Threshold"
"Cardano Bootcamp: Empowering Ethiopian Teens 18-19","117","₳9,676,298","₳10,786,660","NO","₳15,400","NOT FUNDED","₳1,286,190","Approval Threshold"
"Cardano Blockchain Literacy & Adoption Program","115","₳9,667,268","₳11,647,982","NO","₳45,500","NOT FUNDED","₳1,286,190","Approval Threshold"
"Cardano Developers Launchpad","110","₳9,632,925","₳9,802,512","NO","₳20,000","NOT FUNDED","₳1,286,190","Approval Threshold"
"Young Nola Blockchain Supper Series: Culture.Cardano.Cuisine","94","₳9,632,823","₳7,147,206","NO","₳32,000","NOT FUNDED","₳1,286,190","Approval Threshold"
"Ethiopia's First ADA Cafe : Blockchain Adoption Pilot","115","₳9,601,262","₳13,680,286","NO","₳50,000","NOT FUNDED","₳1,286,190","Approval Threshold"
"Cardano EcoPools 🌱: Carbon Footprint Mitigation Strategies","125","₳9,567,997","₳11,117,131","NO","₳46,132","NOT FUNDED","₳1,286,190","Approval Threshold"
"Empowering Global Cardano Growth with Lean Education","92","₳9,540,412","₳26,996,359","NO","₳60,000","NOT FUNDED","₳1,286,190","Approval Threshold"
"Shine up the Ecosystem","100","₳9,517,985","₳8,060,658","NO","₳55,000","NOT FUNDED","₳1,286,190","Approval Threshold"
"University Network: Aiken Development Program for LatAm","112","₳9,499,727","₳6,566,006","NO","₳58,000","NOT FUNDED","₳1,286,190","Approval Threshold"
"Cardano Blockchain Curriculum in Top Universities in Africa","128","₳9,498,626","₳17,419,500","NO","₳60,000","NOT FUNDED","₳1,286,190","Approval Threshold"
"Ascent Rivals - Marketing Gaming Events In-Person & Online","93","₳9,492,571","₳8,381,307","NO","₳50,000","NOT FUNDED","₳1,286,190","Approval Threshold"
"Wallet Quest on Cardano - Teambuilding Corporate","103","₳9,483,356","₳17,703,323","NO","₳60,000","NOT FUNDED","₳1,286,190","Approval Threshold"
"Cardano x Gen Z: The TikTok Engine for 10,000 New Users","141","₳9,472,415","₳12,483,349","NO","₳55,000","NOT FUNDED","₳1,286,190","Approval Threshold"
"Voices of Africa on TikTok","117","₳9,461,518","₳16,660,755","NO","₳39,400","NOT FUNDED","₳1,286,190","Approval Threshold"
"AZTECA Summit Second Edition: Innovation & Global Alliances.","137","₳9,453,444","₳15,374,762","NO","₳60,000","NOT FUNDED","₳1,286,190","Approval Threshold"
"Cardano Connect: Meetups Across DRC, Uganda & Rwanda","89","₳9,433,372","₳10,457,081","NO","₳35,000","NOT FUNDED","₳1,286,190","Approval Threshold"
"Cardano Web3 Education Hub","108","₳9,420,509","₳13,114,168","NO","₳60,000","NOT FUNDED","₳1,286,190","Approval Threshold"
"Creating the Blockchain Innovators of Tomorrow","109","₳9,343,303","₳11,963,138","NO","₳60,000","NOT FUNDED","₳1,286,190","Approval Threshold"
"3,000 Gen-Z Ambassadors Enrich the Ecosystem","129","₳9,327,410","₳10,371,017","NO","₳56,579","NOT FUNDED","₳1,286,190","Approval Threshold"
"Cardano Campus Connect: Blockchain Seminars in Ethiopia","99","₳9,317,935","₳13,617,876","NO","₳30,000","NOT FUNDED","₳1,286,190","Approval Threshold"
"EcoRewards: Motivating Plastic Recycling in Accra Schools","123","₳9,308,830","₳12,048,383","NO","₳60,000","NOT FUNDED","₳1,286,190","Approval Threshold"
"Building Cardano Campus Clubs in 6 Ghanaian Universities","119","₳9,238,476","₳8,879,091","NO","₳45,000","NOT FUNDED","₳1,286,190","Approval Threshold"
"Cardano Africa Boom: TikTok for Blockchain Adoption","144","₳9,180,728","₳17,629,866","NO","₳57,000","NOT FUNDED","₳1,286,190","Approval Threshold"
"DeLotus Academy:Cardano Education for High School Innovators","98","₳9,172,872","₳7,011,998","NO","₳35,000","NOT FUNDED","₳1,286,190","Approval Threshold"
"Educating Local High School Students in Afar about Cardano","90","₳9,116,358","₳9,574,018","NO","₳45,000","NOT FUNDED","₳1,286,190","Approval Threshold"
"Connecting Rural Ghana to Cardano’s Future","99","₳9,069,846","₳11,913,292","NO","₳47,000","NOT FUNDED","₳1,286,190","Approval Threshold"
"The Africa ADA Show: A Catalyst YouTube Series","118","₳9,056,852","₳13,018,495","NO","₳40,000","NOT FUNDED","₳1,286,190","Approval Threshold"
"Cardano blockchain Literacy & Innovation Program at AMU","99","₳8,945,758","₳8,711,797","NO","₳40,000","NOT FUNDED","₳1,286,190","Approval Threshold"
"Cardano Africa: Community Research & Insights","114","₳8,883,712","₳9,451,066","NO","₳50,000","NOT FUNDED","₳1,286,190","Approval Threshold"
"2026 African Blockchain Championship - Cardano","115","₳8,874,403","₳14,288,528","NO","₳60,000","NOT FUNDED","₳1,286,190","Approval Threshold"
"Cardano Unlocked: Trilingual Primer — ENG / JPN / VI","100","₳8,853,170","₳11,307,283","NO","₳40,000","NOT FUNDED","₳1,286,190","Approval Threshold"
"Cardano Ghana Community Hub and Legal Registration","117","₳8,807,750","₳8,047,534","NO","₳30,000","NOT FUNDED","₳1,286,190","Approval Threshold"
"Bookster (1.2M+ Installs): 4 Cardano Challenges + Audiobook","107","₳8,791,842","₳14,144,098","NO","₳60,000","NOT FUNDED","₳1,286,190","Approval Threshold"
"CARDANO web3 literacy tour","91","₳8,743,057","₳8,753,796","NO","₳30,000","NOT FUNDED","₳1,286,190","Approval Threshold"
"Cardonald | The Meme Brand Account for Cardano","101","₳8,653,449","₳8,610,090","NO","₳30,000","NOT FUNDED","₳1,286,190","Approval Threshold"
"HERADA: Cardano-Powered Incubator for Women-Led Startups","113","₳8,610,920","₳13,549,983","NO","₳50,000","NOT FUNDED","₳1,286,190","Approval Threshold"
"Project ""Cardano Clarity""","110","₳8,606,300","₳10,818,063","NO","₳35,000","NOT FUNDED","₳1,286,190","Approval Threshold"
"Empowering Ethiopia with Cardano: Engaging Video Education","106","₳8,602,272","₳10,712,579","NO","₳32,000","NOT FUNDED","₳1,286,190","Approval Threshold"
"Gerocardan: Video Translation for Community Education","101","₳8,577,705","₳10,374,024","NO","₳25,000","NOT FUNDED","₳1,286,190","Approval Threshold"
"Growing Cardano Ecosystem via Offline digital Library server","100","₳8,541,479","₳8,033,329","NO","₳54,600","NOT FUNDED","₳1,286,190","Approval Threshold"
"Cardano Learning Hubs in Public Libraries","109","₳8,521,517","₳16,436,769","NO","₳60,000","NOT FUNDED","₳1,286,190","Approval Threshold"
"IDEATHON for Cardano based projects by Hosken Academy","128","₳8,478,178","₳14,720,584","NO","₳60,000","NOT FUNDED","₳1,286,190","Approval Threshold"
"Green Future: Youth Gardening & Cardano Education","112","₳8,463,112","₳11,644,249","NO","₳20,000","NOT FUNDED","₳1,286,190","Approval Threshold"
"University Workshops for Making Payments with Cardano","127","₳8,444,794","₳8,393,807","NO","₳18,500","NOT FUNDED","₳1,286,190","Approval Threshold"
"Cardano for Erasmus Students Awareness Campaign","96","₳8,438,410","₳12,060,689","NO","₳45,000","NOT FUNDED","₳1,286,190","Approval Threshold"
"Innotion Labs - South America Edition","93","₳8,433,986","₳8,823,021","NO","₳49,000","NOT FUNDED","₳1,286,190","Approval Threshold"
"Cardano and Blockchain for East African Farmers","110","₳8,391,408","₳10,104,897","NO","₳59,800","NOT FUNDED","₳1,286,190","Approval Threshold"
"DeSci Cardano Symposium","105","₳8,288,051","₳14,945,183","NO","₳60,000","NOT FUNDED","₳1,286,190","Approval Threshold"
"Cardano Africa Developer Bootcamp And Hackathon Program","107","₳8,269,790","₳8,939,207","NO","₳50,000","NOT FUNDED","₳1,286,190","Approval Threshold"
"Cardano New World Leaders: for Decision Makers","95","₳8,237,713","₳9,212,565","NO","₳58,000","NOT FUNDED","₳1,286,190","Approval Threshold"
"Cardano Savoirs Afrique","101","₳8,217,221","₳10,001,047","NO","₳45,000","NOT FUNDED","₳1,286,190","Approval Threshold"
"[CaFiNet] Cardano Unveiled: The Mindmap Journey","100","₳8,198,803","₳7,871,065","NO","₳28,900","NOT FUNDED","₳1,286,190","Approval Threshold"
"ChainTales: Cardano Comics & YouTube in Amharic & English","88","₳8,197,624","₳14,216,794","NO","₳40,300","NOT FUNDED","₳1,286,190","Approval Threshold"
"Cardano Startup Intelligence Program - STORM Partners","113","₳8,182,548","₳24,556,959","NO","₳59,500","NOT FUNDED","₳1,286,190","Approval Threshold"
"Aya - Decentralized Ecosystem For African female Athletes","110","₳8,124,634","₳13,949,376","NO","₳60,000","NOT FUNDED","₳1,286,190","Approval Threshold"
"[5PC] Cardano Education Short video Viral","144","₳8,097,697","₳8,946,449","NO","₳30,120","NOT FUNDED","₳1,286,190","Approval Threshold"
"Women’s Blockchain Hackathon Ecuador","105","₳8,091,713","₳11,359,083","NO","₳58,000","NOT FUNDED","₳1,286,190","Approval Threshold"
"Cardano Memecoin Community Event","125","₳8,090,146","₳18,545,220","NO","₳60,000","NOT FUNDED","₳1,286,190","Approval Threshold"
"Cardano Women Ambassadors: Ethiopia’s 500 Digital Marketers","114","₳8,090,022","₳18,959,781","NO","₳60,000","NOT FUNDED","₳1,286,190","Approval Threshold"
"Cardano InfoDesk – Bringing Blockchain to the Streets","109","₳8,051,994","₳13,860,909","NO","₳46,000","NOT FUNDED","₳1,286,190","Approval Threshold"
"Build on Cardano: DeSci Amplified + Aiken&Tx3 Bootcamp","100","₳8,043,892","₳12,217,180","NO","₳49,000","NOT FUNDED","₳1,286,190","Approval Threshold"
"The dRep Hour Africa: Podcast by African dReps Proposal","100","₳8,023,639","₳9,846,990","NO","₳54,000","NOT FUNDED","₳1,286,190","Approval Threshold"
"Cardano kids Academy","98","₳7,955,724","₳9,717,150","NO","₳55,000","NOT FUNDED","₳1,286,190","Approval Threshold"
"Cardano Governance Indonesia Education","103","₳7,937,816","₳15,148,733","NO","₳43,000","NOT FUNDED","₳1,286,190","Approval Threshold"
"[CaFiNet] Discover Cardano dApps: A Journey of Exploration","97","₳7,929,180","₳11,323,275","NO","₳37,440","NOT FUNDED","₳1,286,190","Approval Threshold"
"IncuBuild House India: Building Sustainable Cardano Projects","95","₳7,868,278","₳7,223,392","NO","₳56,000","NOT FUNDED","₳1,286,190","Approval Threshold"
"Cardano Bites","101","₳7,861,937","₳7,850,849","NO","₳48,000","NOT FUNDED","₳1,286,190","Approval Threshold"
"Cardano IdeaFest Ecuador","109","₳7,815,141","₳9,780,140","NO","₳50,000","NOT FUNDED","₳1,286,190","Approval Threshold"
"KNOW CARDANO: A Campus Campaign","87","₳7,797,465","₳9,033,044","NO","₳55,000","NOT FUNDED","₳1,286,190","Approval Threshold"
"Telegram","111","₳7,791,262","₳13,309,880","NO","₳52,000","NOT FUNDED","₳1,286,190","Approval Threshold"
"The Cardano Knowledge Ark","117","₳7,765,129","₳14,787,057","NO","₳60,000","NOT FUNDED","₳1,286,190","Approval Threshold"
"Product Compass: A Project Manager's Best Friend","80","₳7,756,782","₳7,390,233","NO","₳35,000","NOT FUNDED","₳1,286,190","Approval Threshold"
"ADA for the People: Cardano Awareness in Ethiopia","98","₳7,708,614","₳12,277,914","NO","₳30,571","NOT FUNDED","₳1,286,190","Approval Threshold"
"AfroChain 2025 – Unlocking Africas Onchain Future","102","₳7,704,172","₳11,889,610","NO","₳35,000","NOT FUNDED","₳1,286,190","Approval Threshold"
"Legal Compliance Toolkit & Training for Ethiopian Cardano","94","₳7,690,926","₳12,683,747","NO","₳40,000","NOT FUNDED","₳1,286,190","Approval Threshold"
"CARDANO SKILLS ACADEMY IN GHANA","114","₳7,681,678","₳8,747,349","NO","₳55,000","NOT FUNDED","₳1,286,190","Approval Threshold"
"Drill & Deploy: Military-Style Gamified Onboarding Bootcamp","90","₳7,679,745","₳6,672,400","NO","₳45,000","NOT FUNDED","₳1,286,190","Approval Threshold"
"Rebuilding Lives on Chain: Cardano for Tigray Recovery","94","₳7,664,115","₳31,520,820","NO","₳60,000","NOT FUNDED","₳1,286,190","Approval Threshold"
"Cardano Ethiopia: Language & Compliance Access","102","₳7,626,647","₳15,234,618","NO","₳60,000","NOT FUNDED","₳1,286,190","Approval Threshold"
"Cardano Community Hub & Education Initiative in Ethiopia","106","₳7,612,198","₳14,427,945","NO","₳58,000","NOT FUNDED","₳1,286,190","Approval Threshold"
"Cardano Youth Lab: From Classroom to Blockchain","100","₳7,568,105","₳8,392,655","NO","₳32,500","NOT FUNDED","₳1,286,190","Approval Threshold"
"AMA with Cross-Chain Communities II","76","₳7,568,033","₳7,392,677","NO","₳15,100","NOT FUNDED","₳1,286,190","Approval Threshold"
"Travel and Vacation Insurance","120","₳7,367,406","₳12,599,150","NO","₳35,000","NOT FUNDED","₳1,286,190","Approval Threshold"
"Cardano Amharic/Swahili Ed: End Exclusion for 85M|Est Africa","103","₳7,210,941","₳9,555,497","NO","₳50,000","NOT FUNDED","₳1,286,190","Approval Threshold"
"Cardano Institutional and Enterprise Onboarding: 2025-2026","142","₳7,195,199","₳8,772,232","NO","₳50,000","NOT FUNDED","₳1,286,190","Approval Threshold"
"Chain Hub: Africa’s First Web3 Culture Incubator for Cardano","110","₳7,193,581","₳14,824,329","NO","₳46,000","NOT FUNDED","₳1,286,190","Approval Threshold"
"Cardano Innovators Club","107","₳7,179,651","₳12,956,760","NO","₳58,000","NOT FUNDED","₳1,286,190","Approval Threshold"
"Sova Bars: ADA Bill Payment 50% Off in 3 Major Cities in VN","89","₳7,156,926","₳9,831,797","NO","₳45,000","NOT FUNDED","₳1,286,190","Approval Threshold"
"Cardano User Security: Cybersecurity & Crypto Safety Guide","100","₳7,151,417","₳9,110,851","NO","₳59,000","NOT FUNDED","₳1,286,190","Approval Threshold"
"Women of Web3: Cardano Empowerment Program","105","₳7,150,401","₳11,079,723","NO","₳43,370","NOT FUNDED","₳1,286,190","Approval Threshold"
"Blockchain x Luxury Innovation Labs (Academic Program)","114","₳7,138,303","₳12,776,200","NO","₳45,000","NOT FUNDED","₳1,286,190","Approval Threshold"
"Breaking the Language Barrier for Ethiopian Youth","105","₳7,129,408","₳11,292,995","NO","₳30,100","NOT FUNDED","₳1,286,190","Approval Threshold"
"Cardano Top 3 Ethiopian Universities Festival","111","₳7,109,397","₳17,856,356","NO","₳60,000","NOT FUNDED","₳1,286,190","Approval Threshold"
"1-Minute Cardano Clips: Quick, Simple, Local","109","₳7,108,244","₳15,834,218","NO","₳20,000","NOT FUNDED","₳1,286,190","Approval Threshold"
"The State of BD in the Cardano Ecosystem","91","₳7,040,693","₳22,813,956","NO","₳40,000","NOT FUNDED","₳1,286,190","Approval Threshold"
"dRep of Africa: Local Profile Hub and Delegator Guide","94","₳7,023,836","₳9,294,265","NO","₳58,000","NOT FUNDED","₳1,286,190","Approval Threshold"
"Unlocking Blockchain Potential:Youth Engagement in Ethiopia","99","₳7,021,598","₳12,425,279","NO","₳27,600","NOT FUNDED","₳1,286,190","Approval Threshold"
"Ethiopia Cardano Campus Tour: Blockchain for Students","102","₳7,019,037","₳13,043,612","NO","₳20,460","NOT FUNDED","₳1,286,190","Approval Threshold"
"Cardano Rise: Ethiopia Pilot Festivals","98","₳7,008,338","₳14,401,514","NO","₳50,000","NOT FUNDED","₳1,286,190","Approval Threshold"
"NextChain – Empowering 10,000 Youth & Startups into Web3","104","₳7,001,281","₳10,391,450","NO","₳55,000","NOT FUNDED","₳1,286,190","Approval Threshold"
"A safari on Cardano - Teambuilding Corporate","102","₳6,942,814","₳15,338,861","NO","₳60,000","NOT FUNDED","₳1,286,190","Approval Threshold"
"CARDANO BLOCKCHAIN EDUCATION FOR TAMALE TECHNICAL UNIVERSITY","152","₳6,942,480","₳9,645,135","NO","₳45,000","NOT FUNDED","₳1,286,190","Approval Threshold"
"Libertarian Times – A Global Voice for Freedom","93","₳6,896,843","₳9,947,028","NO","₳40,000","NOT FUNDED","₳1,286,190","Approval Threshold"
"BandungCommunity Empowerment:WomanVenture Capital-LocalGrant","88","₳6,877,924","₳8,578,193","NO","₳19,500","NOT FUNDED","₳1,286,190","Approval Threshold"
"Cardano Learn & Earn: interactive quizzes and tutorials.","102","₳6,876,454","₳9,287,307","NO","₳55,000","NOT FUNDED","₳1,286,190","Approval Threshold"
"Cardano Ethiopia High School Hub – Blockchain Awareness","99","₳6,875,178","₳12,944,447","NO","₳27,000","NOT FUNDED","₳1,286,190","Approval Threshold"
"FarmChain:SMS-Based Cardano Education for Smallholder Farmer","113","₳6,867,439","₳15,827,210","NO","₳60,000","NOT FUNDED","₳1,286,190","Approval Threshold"
"Gerocardan: Blog Posts and X Content for Community Education","93","₳6,849,564","₳8,623,297","NO","₳25,000","NOT FUNDED","₳1,286,190","Approval Threshold"
"Legal Readiness Bootcamp for Cardano Founders","91","₳6,838,617","₳7,878,298","NO","₳50,000","NOT FUNDED","₳1,286,190","Approval Threshold"
"Animated Character for Enhanced Brand Recognition.","104","₳6,835,306","₳11,952,117","NO","₳32,000","NOT FUNDED","₳1,286,190","Approval Threshold"
"Establishing Cardano Community Hub in SouthEast Nigeria","105","₳6,724,002","₳12,389,806","NO","₳28,300","NOT FUNDED","₳1,286,190","Approval Threshold"
"Cardano Children's Books in Amharic & Oromifa","110","₳6,641,900","₳19,671,514","NO","₳60,000","NOT FUNDED","₳1,286,190","Approval Threshold"
"Cardano Local Heroes: Adoption Through Trusted Leaders","86","₳6,637,424","₳8,148,549","NO","₳55,000","NOT FUNDED","₳1,286,190","Approval Threshold"
"Cardano Africa Bootcamp: Enabling Africans build on Cardano","108","₳6,612,956","₳28,769,196","NO","₳30,000","NOT FUNDED","₳1,286,190","Approval Threshold"
"Cardano Education for Hawassa University","89","₳6,597,472","₳9,221,489","NO","₳39,500","NOT FUNDED","₳1,286,190","Approval Threshold"
"Cardano T-Shirts for Orphan Blockchain Education in Ethiopia","116","₳6,581,755","₳18,635,217","NO","₳54,200","NOT FUNDED","₳1,286,190","Approval Threshold"
"Beyond the Chain: Opening Africa’s doors to Cardano","122","₳6,482,079","₳13,295,671","NO","₳60,000","NOT FUNDED","₳1,286,190","Approval Threshold"
"ሰላም Cardano: Cardano’s Official Voice of the Nation","93","₳6,456,157","₳10,306,531","NO","₳58,000","NOT FUNDED","₳1,286,190","Approval Threshold"
"Empowering TVET Students with Cardano Skills","95","₳6,441,994","₳17,484,399","NO","₳60,000","NOT FUNDED","₳1,286,190","Approval Threshold"
"Cardano Catalyst East Africa Project Tracker","107","₳6,427,479","₳11,141,834","NO","₳26,000","NOT FUNDED","₳1,286,190","Approval Threshold"
"CARDANO YOUTH CLUBS BUILDING THE NEXT GENERATION","103","₳6,336,499","₳13,783,270","NO","₳50,000","NOT FUNDED","₳1,286,190","Approval Threshold"
"Empowering Hawassa: A Cardano Blockchain Innovation Hub","83","₳6,315,883","₳8,693,064","NO","₳50,000","NOT FUNDED","₳1,286,190","Approval Threshold"
"Cardano Africa Onboarding Sprint","103","₳6,246,705","₳9,105,072","NO","₳42,000","NOT FUNDED","₳1,286,190","Approval Threshold"
"Cardano Stonerz Club","117","₳6,238,951","₳16,118,558","NO","₳42,069","NOT FUNDED","₳1,286,190","Approval Threshold"
"Hope Bridge: Connecting Ethiopian Investors to Cardano","93","₳6,095,608","₳12,725,825","NO","₳45,000","NOT FUNDED","₳1,286,190","Approval Threshold"
"Cardano & Cho","124","₳6,052,958","₳33,106,337","NO","₳55,000","NOT FUNDED","₳1,286,190","Approval Threshold"
"From Birr to Blockchain: Ethiopia’s Investor to Cardano","88","₳6,021,289","₳12,914,864","NO","₳29,000","NOT FUNDED","₳1,286,190","Approval Threshold"
"Cardano in Afan Oromo – Learn, Build, Govern","82","₳6,018,498","₳10,286,042","NO","₳36,000","NOT FUNDED","₳1,286,190","Approval Threshold"
"Harmonizing with Cardano: A Musical Exploration","108","₳6,016,611","₳12,628,549","NO","₳18,000","NOT FUNDED","₳1,286,190","Approval Threshold"
"Cardano Cracks - A Podcast of Cardano","111","₳5,999,804","₳9,329,617","NO","₳21,000","NOT FUNDED","₳1,286,190","Approval Threshold"
"Publishing Cardano Knowledge in Africa’s 10 Key Tongues","118","₳5,926,089","₳10,050,134","NO","₳45,278","NOT FUNDED","₳1,286,190","Approval Threshold"
"Cardano Community Hackathon","98","₳5,758,463","₳6,027,990","NO","₳54,000","NOT FUNDED","₳1,286,190","Approval Threshold"
"Building a Cardano Hyperteam Vietnam in Hanoi","107","₳5,742,197","₳28,470,853","NO","₳60,000","NOT FUNDED","₳1,286,190","Approval Threshold"
"Cardano Cup","107","₳5,731,549","₳32,565,357","NO","₳60,000","NOT FUNDED","₳1,286,190","Approval Threshold"
"Empowering Women in Blockchain","139","₳5,642,424","₳13,605,419","NO","₳48,027","NOT FUNDED","₳1,286,190","Approval Threshold"
"Cardano Localization & Language Access","89","₳5,621,690","₳6,657,930","NO","₳55,000","NOT FUNDED","₳1,286,190","Approval Threshold"
"MAÍZ | Growing Cardano Use-Cases in LatAm","102","₳5,518,662","₳12,680,319","NO","₳58,000","NOT FUNDED","₳1,286,190","Approval Threshold"
"Block by Block: She Builds","96","₳5,455,136","₳12,369,294","NO","₳55,000","NOT FUNDED","₳1,286,190","Approval Threshold"
"Cardano Connect SMS – Blockchain Education at Scale","118","₳5,438,527","₳11,384,183","NO","₳38,000","NOT FUNDED","₳1,286,190","Approval Threshold"
"Expanding Lovelace Academy’s Reach to More Devs on Instagram","121","₳5,326,959","₳11,676,197","NO","₳42,000","NOT FUNDED","₳1,286,190","Approval Threshold"
"Scaling Cardano Innovation - BlockPrint Developers Community","104","₳5,276,008","₳14,406,679","NO","₳60,000","NOT FUNDED","₳1,286,190","Approval Threshold"
"Cardano Podcast: Impact Stories of Funded Projects","89","₳5,184,280","₳8,017,629","NO","₳16,000","NOT FUNDED","₳1,286,190","Approval Threshold"
"Run for Cardano: Addis Ababa 10KM Challenge!","106","₳5,056,625","₳13,278,945","NO","₳57,500","NOT FUNDED","₳1,286,190","Approval Threshold"
"Empowering High Schoolers to Lead in Cardano","97","₳5,051,663","₳15,168,874","NO","₳57,700","NOT FUNDED","₳1,286,190","Approval Threshold"
"Cardano Blockchain Day: Perú – 1st Edition","85","₳4,962,506","₳8,025,429","NO","₳55,000","NOT FUNDED","₳1,286,190","Approval Threshold"
"CARDANO EXPLAINER SERIES – GHANAIAN EDITION","133","₳4,809,940","₳15,408,440","NO","₳44,100","NOT FUNDED","₳1,286,190","Approval Threshold"
"SW Florida Community Outreach","97","₳4,793,553","₳9,295,801","NO","₳27,860","NOT FUNDED","₳1,286,190","Approval Threshold"
"CardanoChronicle: An Interactive Timeline of Cardano History","91","₳4,659,567","₳10,581,279","NO","₳55,000","NOT FUNDED","₳1,286,190","Approval Threshold"
"AI Video : Engage Cardanos Global Community in EN | JP |ES|","98","₳4,652,526","₳10,754,036","NO","₳46,200","NOT FUNDED","₳1,286,190","Approval Threshold"
"[CaFiNet] Workflow Creating Hundreds Multi-Platform Videos","98","₳4,602,079","₳10,378,567","NO","₳59,213","NOT FUNDED","₳1,286,190","Approval Threshold"
"Printable Cardano Wallet Setup Sheet","99","₳4,593,972","₳12,967,137","NO","₳20,000","NOT FUNDED","₳1,286,190","Approval Threshold"
"Empowering Ghanaian Youths through Cardano Blockchain 2.0","131","₳4,342,323","₳13,454,505","NO","₳50,000","NOT FUNDED","₳1,286,190","Approval Threshold"
"Voices of Cardano Africa","111","₳4,159,433","₳11,478,136","NO","₳50,000","NOT FUNDED","₳1,286,190","Approval Threshold"
"Cardano City Tour: Driving Local Blockchain Awareness","95","₳4,141,597","₳13,402,178","NO","₳48,000","NOT FUNDED","₳1,286,190","Approval Threshold"
"A Cardano Hub in Nyiragongo for an Underserved Region","106","₳4,045,979","₳11,002,542","NO","₳36,792","NOT FUNDED","₳1,286,190","Approval Threshold"
"Cardano Rise Program 2025","99","₳4,009,488","₳14,548,316","NO","₳60,000","NOT FUNDED","₳1,286,190","Approval Threshold"
"Interactive Lessons for Grassroots Onboarding","90","₳3,965,077","₳12,850,479","NO","₳45,000","NOT FUNDED","₳1,286,190","Approval Threshold"
"YouTube Channel for the Oromo-speaking Community","91","₳3,934,044","₳15,830,836","NO","₳46,000","NOT FUNDED","₳1,286,190","Approval Threshold"
"Cardano4Skill: Practical Training for Ethiopian Businesses","103","₳3,670,585","₳20,860,345","NO","₳60,000","NOT FUNDED","₳1,286,190","Approval Threshold"
"Regulatory Watch: Monthly Digest & Risk Radar","91","₳3,635,730","₳12,864,958","NO","₳60,000","NOT FUNDED","₳1,286,190","Approval Threshold"
"Cardano Ethiopia: TikTok in 3 Languages","105","₳3,625,419","₳20,499,334","NO","₳60,000","NOT FUNDED","₳1,286,190","Approval Threshold"
"Legal Compliance Indonesia by CWI","85","₳3,016,201","₳10,123,459","NO","₳50,000","NOT FUNDED","₳1,286,190","Approval Threshold"