current_proposal_id,current_title,current_proposer_name,budget_2025_proposal_id,budget_2025_title,match_name,match_score,match_confidence,company_name,group_name,social_handles,company_domain,public_champion,submitted_on_behalf,budget_2025_cost_ada,threshold_reached,vote_summary,source_url
69f857aed73bae0eb2a99543,BloxBean Java/JVM Toolchain for Cardano: 2026 Maintenance & New Initiatives,BLOXBEAN,454,BloxBean Java Tools Maintenance and Enhancement,BloxBean Java Tools Maintenance and Enhancement,0.92,high,BLOXBEAN PTE. LTD.,,"https://github.com/bloxbean ,  X: @BloxBean,  X: @satran004",https://www.bloxbean.com/,,Company,99600.0,true,"Yes: count=47, voting_power=1,956,530,136,382,687; No: count=53, voting_power=622,630,849,525,211; Abstain: count=28, voting_power=828,551,269,011,955",https://2025budget.intersectmbo.org/ballots/680d1b63565577986442d123/proposals/680d1b63565577986442d214
69ebc7cdd73bae0eb2a9952d,Cardano Builder DAO,Cardano Builder DAO,681,Cardano Builder DAO,Cardano Builder DAO,1.0,high,,Cardano Builder DAO,X: builder__dao,,,Group,12000000.0,true,"Yes: count=41, voting_power=1,464,876,966,378,205; No: count=70, voting_power=737,110,120,663,467; Abstain: count=23, voting_power=1,297,547,475,364,006",https://2025budget.intersectmbo.org/ballots/680d1b63565577986442d123/proposals/680d1b63565577986442d150
69fd0b20b05ff80adc7d5c55,Eryx: Zero-Knowledge Capabilities,Eryx,582,Cardano Governance MCP: natural language access to governance data ,eryx.co,1.0,high,Eryx Cooperativa,,crypto-racoons@eryxsoluciones.com.ar,eryx.co,,Company,153130.0,false,"Yes: count=9, voting_power=31,016,990,077,177; No: count=97, voting_power=2,299,336,746,291,258; Abstain: count=18, voting_power=809,724,924,780,100",https://2025budget.intersectmbo.org/ballots/680d1b63565577986442d123/proposals/680d1b63565577986442d1b4
69fd0b20b05ff80adc7d5c55,Eryx: Zero-Knowledge Capabilities,Eryx,610,Zk Voting in Aiken,eryx.co,1.0,high,Eryx Cooperativa,,crypto-racoons@eryxsoluciones.com.ar,eryx.co,,Company,237500.0,false,"Yes: count=17, voting_power=96,435,514,345,895; No: count=85, voting_power=2,219,314,763,817,404; Abstain: count=22, voting_power=810,255,752,120,473",https://2025budget.intersectmbo.org/ballots/680d1b63565577986442d123/proposals/680d1b63565577986442d198
69fd0b20b05ff80adc7d5c55,Eryx: Zero-Knowledge Capabilities,Eryx,637,ZK Bridge,eryx.co,1.0,high,Eryx Cooperativa,,crypto-racoons@eryxsoluciones.com.ar,eryx.co,,Company,700000.0,true,"Yes: count=60, voting_power=2,634,818,575,340,747; No: count=56, voting_power=666,950,560,813,197; Abstain: count=20, voting_power=314,199,415,148,454",https://2025budget.intersectmbo.org/ballots/680d1b63565577986442d123/proposals/680d1b63565577986442d172
69fa68b4b05ff80adc7d5c41,"Civics Committee Governance Expert Led, Sustainable Education Program ",Intersect Civics Committee,679,Cardano Maintenance and Roadmap Delivery Proposal: Secure Ada Network Infrastructure for the enTire cardano communitY,Intersect Technical Steering Committee,0.75,low,,Intersect Technical Steering Committee,technical-steering-committee@intersectmbo.org,,,Group,82204800.0,false,"Yes: count=20, voting_power=174,394,597,241,662; No: count=97, voting_power=2,817,712,225,232,636; Abstain: count=16, voting_power=470,172,183,359,804",https://2025budget.intersectmbo.org/ballots/680d1b63565577986442d123/proposals/680d1b63565577986442d152
69f38e85985067f4ae957a5e,Intersect Technical Steering Committee Support,Intersect Technical Steering Committee,679,Cardano Maintenance and Roadmap Delivery Proposal: Secure Ada Network Infrastructure for the enTire cardano communitY,Intersect Technical Steering Committee,1.0,high,,Intersect Technical Steering Committee,technical-steering-committee@intersectmbo.org,,,Group,82204800.0,false,"Yes: count=20, voting_power=174,394,597,241,662; No: count=97, voting_power=2,817,712,225,232,636; Abstain: count=16, voting_power=470,172,183,359,804",https://2025budget.intersectmbo.org/ballots/680d1b63565577986442d123/proposals/680d1b63565577986442d152
69e7a834d6a29288536b1200,Intersect: Governance coordination and technical stewardship for the Cardano ecosystem,IntersectMBO,516,A member-based organization for the Cardano ecosystem: Intersect,IntersectMBO,1.0,high,IntersectMBO,,info@intersectmbo.org,intersectmbo.org,,Company,20000000.0,true,"Yes: count=87, voting_power=2,683,689,074,760,963; No: count=48, voting_power=703,018,629,431,086; Abstain: count=22, voting_power=536,442,235,224,790",https://2025budget.intersectmbo.org/ballots/680d1b63565577986442d123/proposals/680d1b63565577986442d1ec
69e7a834d6a29288536b1200,Intersect: Governance coordination and technical stewardship for the Cardano ecosystem,IntersectMBO,152,OSC Budget Proposal - Paid Open Source Model for Sustainable Development,open-source-committee@intersectmbo.org,0.92,high,,Open Source Committee (OSC),open-source-committee@intersectmbo.org,,Beneficiary listed above,Group,5885000.0,true,"Yes: count=88, voting_power=2,651,507,670,610,569; No: count=38, voting_power=462,215,342,238,740; Abstain: count=14, voting_power=187,467,533,963,469",https://2025budget.intersectmbo.org/ballots/680d1b63565577986442d123/proposals/680d1b63565577986442d262
69e7a834d6a29288536b1200,Intersect: Governance coordination and technical stewardship for the Cardano ecosystem,IntersectMBO,489,Membership and Community Committee (MCC) - Global University Education Program,membership-and-community-committee@intersectmbo.org,0.92,high,,MCC,membership-and-community-committee@intersectmbo.org,,,Group,783333.0,false,"Yes: count=14, voting_power=44,650,070,516,213; No: count=101, voting_power=2,818,861,140,400,215; Abstain: count=11, voting_power=318,229,546,220,130",https://2025budget.intersectmbo.org/ballots/680d1b63565577986442d123/proposals/680d1b63565577986442d1fe
69e7a834d6a29288536b1200,Intersect: Governance coordination and technical stewardship for the Cardano ecosystem,IntersectMBO,552,The Cardano community's open-source tool for participation in its governance: Cardano Govtool,lorenzo.bruno@intersectmbo.org,0.92,high,,Governance Tools WG,lorenzo.bruno@intersectmbo.org,,,Group,2000000.0,false,"Yes: count=19, voting_power=265,038,043,156,333; No: count=86, voting_power=2,123,139,698,308,785; Abstain: count=22, voting_power=736,041,011,364,359",https://2025budget.intersectmbo.org/ballots/680d1b63565577986442d123/proposals/680d1b63565577986442d1cc
69e7a834d6a29288536b1200,Intersect: Governance coordination and technical stewardship for the Cardano ecosystem,IntersectMBO,601,Membership & Community Committee (MCC) - Global Community Hubs Expansion Program,membership-and-community-committee@intersectmbo.org,0.92,high,,MCC,membership-and-community-committee@intersectmbo.org,,,Group,766800.0,false,"Yes: count=20, voting_power=166,899,575,731,911; No: count=88, voting_power=1,226,078,102,481,522; Abstain: count=17, voting_power=1,804,059,431,302,865",https://2025budget.intersectmbo.org/ballots/680d1b63565577986442d123/proposals/680d1b63565577986442d1a0
69e7a834d6a29288536b1200,Intersect: Governance coordination and technical stewardship for the Cardano ecosystem,IntersectMBO,678,Growth & Marketing Committee (GMC) Budget Proposal,growth-marketing@intersectmbo.org,0.92,high,,Growth & Marketing Committee,growth-marketing@intersectmbo.org,,,Group,5059200.0,false,"Yes: count=26, voting_power=658,409,620,654,292; No: count=86, voting_power=2,228,940,264,647,492; Abstain: count=15, voting_power=361,081,129,690,866",https://2025budget.intersectmbo.org/ballots/680d1b63565577986442d123/proposals/680d1b63565577986442d154
69ecf1ea93fdcc8059d4cc0a,Open Sourced RWA Tokenization Framework with Revenue Share Model,Jose Velazquez,385,Real World Investment for Treasury Growth,jrv97_Velazquez,0.7586206896551724,low,,,jrv97_Velazquez,,Beneficiary listed above,Individual,550000.0,false,"Yes: count=6, voting_power=182,779,342,752,031; No: count=100, voting_power=2,393,333,543,253,129; Abstain: count=18, voting_power=593,794,882,388,204",https://2025budget.intersectmbo.org/ballots/680d1b63565577986442d123/proposals/680d1b63565577986442d226
69ecf1ea93fdcc8059d4cc0a,Open Sourced RWA Tokenization Framework with Revenue Share Model,Jose Velazquez,386,Quality Assurance: On-Chain & Off-Chain Audit,@jrv97_Velazquez,0.7586206896551724,low,,,@jrv97_Velazquez,,Beneficiary listed above,Individual,500000.0,false,"Yes: count=19, voting_power=356,973,840,629,332; No: count=85, voting_power=1,985,937,778,140,608; Abstain: count=23, voting_power=845,819,387,231,699",https://2025budget.intersectmbo.org/ballots/680d1b63565577986442d123/proposals/680d1b63565577986442d224
69fcab8de1ab5d003a0cab66,MLabs - Grumplestiltskin 2: Pasta Curve Builtins and Kimchi PLookup Proof-of-Concept,MLabs LTD,42,MLabs Core Tool Maintenance & Enhancement: Cardano.nix,MLabs,1.0,high,MLabs,,X/Twitter: @MLabs10,mlabs.city,Submission lead listed above,Company,45217.0,true,"Yes: count=53, voting_power=1,102,282,386,567,990; No: count=46, voting_power=561,723,294,173,538; Abstain: count=31, voting_power=1,511,342,223,593,713",https://2025budget.intersectmbo.org/ballots/680d1b63565577986442d123/proposals/680d1b64565577986442d294
69fcab8de1ab5d003a0cab66,MLabs - Grumplestiltskin 2: Pasta Curve Builtins and Kimchi PLookup Proof-of-Concept,MLabs LTD,43,MLabs Core Tool Maintenance & Enhancement: Ply,MLabs,1.0,high,MLabs,,X/Twitter: @MLabs10,mlabs.city,Submission lead listed above,Company,45217.0,false,"Yes: count=42, voting_power=686,166,430,512,329; No: count=50, voting_power=797,261,087,370,034; Abstain: count=38, voting_power=1,655,229,547,955,027",https://2025budget.intersectmbo.org/ballots/680d1b63565577986442d123/proposals/680d1b64565577986442d292
69fcab8de1ab5d003a0cab66,MLabs - Grumplestiltskin 2: Pasta Curve Builtins and Kimchi PLookup Proof-of-Concept,MLabs LTD,44,MLabs Core Tool Maintenance & Enhancement: CLB,MLabs,1.0,high,MLabs,,X/Twitter: @MLabs10,mlabs.city,Submission lead listed above,Company,45217.0,false,"Yes: count=37, voting_power=558,401,334,262,163; No: count=53, voting_power=818,488,102,017,186; Abstain: count=39, voting_power=1,767,412,634,552,232",https://2025budget.intersectmbo.org/ballots/680d1b63565577986442d123/proposals/680d1b64565577986442d290
69fcab8de1ab5d003a0cab66,MLabs - Grumplestiltskin 2: Pasta Curve Builtins and Kimchi PLookup Proof-of-Concept,MLabs LTD,45,MLabs Maintenance & Enhancement: Atlas PAB,MLabs,1.0,high,MLabs,,X/Twitter: @MLabs10,mlabs.city,Submission lead listed above,Company,83478.0,false,"Yes: count=37, voting_power=540,182,845,998,696; No: count=56, voting_power=811,357,037,556,611; Abstain: count=33, voting_power=1,707,330,443,104,094",https://2025budget.intersectmbo.org/ballots/680d1b63565577986442d123/proposals/680d1b64565577986442d28e
69fcab8de1ab5d003a0cab66,MLabs - Grumplestiltskin 2: Pasta Curve Builtins and Kimchi PLookup Proof-of-Concept,MLabs LTD,52,MLabs Core Tool Maintenance & Enhancement: Cardano Transaction Library (CTL),MLabs,1.0,high,MLabs,,X/Twitter: @MLabs10,mlabs.city,Submission lead listed above,Company,139130.0,false,"Yes: count=42, voting_power=655,044,796,635,435; No: count=48, voting_power=764,764,364,311,067; Abstain: count=36, voting_power=1,711,581,707,439,641",https://2025budget.intersectmbo.org/ballots/680d1b63565577986442d123/proposals/680d1b64565577986442d28c
69fcab8de1ab5d003a0cab66,MLabs - Grumplestiltskin 2: Pasta Curve Builtins and Kimchi PLookup Proof-of-Concept,MLabs LTD,53,MLabs Core Tool Maintenance & Enhancement: Plutarch,MLabs,1.0,high,MLabs,,X/Twitter: @MLabs10,mlabs.city,Submission lead listed above,Company,243478.0,true,"Yes: count=67, voting_power=1,853,408,951,403,150; No: count=35, voting_power=348,924,258,159,379; Abstain: count=28, voting_power=943,964,332,794,076",https://2025budget.intersectmbo.org/ballots/680d1b63565577986442d123/proposals/680d1b64565577986442d28a
69fcab8de1ab5d003a0cab66,MLabs - Grumplestiltskin 2: Pasta Curve Builtins and Kimchi PLookup Proof-of-Concept,MLabs LTD,597,MLabs Research towards Tooling for Elliptical Curves - GrumpleStiltSkin,MLabs Ltd,1.0,high,MLabs Ltd,,info@mlabs.city,mlabs.city,,Company,104347.0,true,"Yes: count=53, voting_power=1,235,470,972,782,976; No: count=43, voting_power=615,418,992,922,908; Abstain: count=26, voting_power=1,424,264,342,017,898",https://2025budget.intersectmbo.org/ballots/680d1b63565577986442d123/proposals/680d1b63565577986442d1a6
69fc919e8a0de51b89857e19,MLabs - TrueInventory: An accessible blockchain inventory for videogame developers,MLabs LTD,42,MLabs Core Tool Maintenance & Enhancement: Cardano.nix,MLabs,1.0,high,MLabs,,X/Twitter: @MLabs10,mlabs.city,Submission lead listed above,Company,45217.0,true,"Yes: count=53, voting_power=1,102,282,386,567,990; No: count=46, voting_power=561,723,294,173,538; Abstain: count=31, voting_power=1,511,342,223,593,713",https://2025budget.intersectmbo.org/ballots/680d1b63565577986442d123/proposals/680d1b64565577986442d294
69fc919e8a0de51b89857e19,MLabs - TrueInventory: An accessible blockchain inventory for videogame developers,MLabs LTD,43,MLabs Core Tool Maintenance & Enhancement: Ply,MLabs,1.0,high,MLabs,,X/Twitter: @MLabs10,mlabs.city,Submission lead listed above,Company,45217.0,false,"Yes: count=42, voting_power=686,166,430,512,329; No: count=50, voting_power=797,261,087,370,034; Abstain: count=38, voting_power=1,655,229,547,955,027",https://2025budget.intersectmbo.org/ballots/680d1b63565577986442d123/proposals/680d1b64565577986442d292
69fc919e8a0de51b89857e19,MLabs - TrueInventory: An accessible blockchain inventory for videogame developers,MLabs LTD,44,MLabs Core Tool Maintenance & Enhancement: CLB,MLabs,1.0,high,MLabs,,X/Twitter: @MLabs10,mlabs.city,Submission lead listed above,Company,45217.0,false,"Yes: count=37, voting_power=558,401,334,262,163; No: count=53, voting_power=818,488,102,017,186; Abstain: count=39, voting_power=1,767,412,634,552,232",https://2025budget.intersectmbo.org/ballots/680d1b63565577986442d123/proposals/680d1b64565577986442d290
69fc919e8a0de51b89857e19,MLabs - TrueInventory: An accessible blockchain inventory for videogame developers,MLabs LTD,45,MLabs Maintenance & Enhancement: Atlas PAB,MLabs,1.0,high,MLabs,,X/Twitter: @MLabs10,mlabs.city,Submission lead listed above,Company,83478.0,false,"Yes: count=37, voting_power=540,182,845,998,696; No: count=56, voting_power=811,357,037,556,611; Abstain: count=33, voting_power=1,707,330,443,104,094",https://2025budget.intersectmbo.org/ballots/680d1b63565577986442d123/proposals/680d1b64565577986442d28e
69fc919e8a0de51b89857e19,MLabs - TrueInventory: An accessible blockchain inventory for videogame developers,MLabs LTD,52,MLabs Core Tool Maintenance & Enhancement: Cardano Transaction Library (CTL),MLabs,1.0,high,MLabs,,X/Twitter: @MLabs10,mlabs.city,Submission lead listed above,Company,139130.0,false,"Yes: count=42, voting_power=655,044,796,635,435; No: count=48, voting_power=764,764,364,311,067; Abstain: count=36, voting_power=1,711,581,707,439,641",https://2025budget.intersectmbo.org/ballots/680d1b63565577986442d123/proposals/680d1b64565577986442d28c
69fc919e8a0de51b89857e19,MLabs - TrueInventory: An accessible blockchain inventory for videogame developers,MLabs LTD,53,MLabs Core Tool Maintenance & Enhancement: Plutarch,MLabs,1.0,high,MLabs,,X/Twitter: @MLabs10,mlabs.city,Submission lead listed above,Company,243478.0,true,"Yes: count=67, voting_power=1,853,408,951,403,150; No: count=35, voting_power=348,924,258,159,379; Abstain: count=28, voting_power=943,964,332,794,076",https://2025budget.intersectmbo.org/ballots/680d1b63565577986442d123/proposals/680d1b64565577986442d28a
69fc919e8a0de51b89857e19,MLabs - TrueInventory: An accessible blockchain inventory for videogame developers,MLabs LTD,597,MLabs Research towards Tooling for Elliptical Curves - GrumpleStiltSkin,MLabs Ltd,1.0,high,MLabs Ltd,,info@mlabs.city,mlabs.city,,Company,104347.0,true,"Yes: count=53, voting_power=1,235,470,972,782,976; No: count=43, voting_power=615,418,992,922,908; Abstain: count=26, voting_power=1,424,264,342,017,898",https://2025budget.intersectmbo.org/ballots/680d1b63565577986442d123/proposals/680d1b63565577986442d1a6
69fc8e0989371182537b30a3,"MLabs - Cardano Tx Library: JavaScript/TypeScript Interface, Koios Backend, Hard Fork Maintenance",MLabs LTD,42,MLabs Core Tool Maintenance & Enhancement: Cardano.nix,MLabs,1.0,high,MLabs,,X/Twitter: @MLabs10,mlabs.city,Submission lead listed above,Company,45217.0,true,"Yes: count=53, voting_power=1,102,282,386,567,990; No: count=46, voting_power=561,723,294,173,538; Abstain: count=31, voting_power=1,511,342,223,593,713",https://2025budget.intersectmbo.org/ballots/680d1b63565577986442d123/proposals/680d1b64565577986442d294
69fc8e0989371182537b30a3,"MLabs - Cardano Tx Library: JavaScript/TypeScript Interface, Koios Backend, Hard Fork Maintenance",MLabs LTD,43,MLabs Core Tool Maintenance & Enhancement: Ply,MLabs,1.0,high,MLabs,,X/Twitter: @MLabs10,mlabs.city,Submission lead listed above,Company,45217.0,false,"Yes: count=42, voting_power=686,166,430,512,329; No: count=50, voting_power=797,261,087,370,034; Abstain: count=38, voting_power=1,655,229,547,955,027",https://2025budget.intersectmbo.org/ballots/680d1b63565577986442d123/proposals/680d1b64565577986442d292
69fc8e0989371182537b30a3,"MLabs - Cardano Tx Library: JavaScript/TypeScript Interface, Koios Backend, Hard Fork Maintenance",MLabs LTD,44,MLabs Core Tool Maintenance & Enhancement: CLB,MLabs,1.0,high,MLabs,,X/Twitter: @MLabs10,mlabs.city,Submission lead listed above,Company,45217.0,false,"Yes: count=37, voting_power=558,401,334,262,163; No: count=53, voting_power=818,488,102,017,186; Abstain: count=39, voting_power=1,767,412,634,552,232",https://2025budget.intersectmbo.org/ballots/680d1b63565577986442d123/proposals/680d1b64565577986442d290
69fc8e0989371182537b30a3,"MLabs - Cardano Tx Library: JavaScript/TypeScript Interface, Koios Backend, Hard Fork Maintenance",MLabs LTD,45,MLabs Maintenance & Enhancement: Atlas PAB,MLabs,1.0,high,MLabs,,X/Twitter: @MLabs10,mlabs.city,Submission lead listed above,Company,83478.0,false,"Yes: count=37, voting_power=540,182,845,998,696; No: count=56, voting_power=811,357,037,556,611; Abstain: count=33, voting_power=1,707,330,443,104,094",https://2025budget.intersectmbo.org/ballots/680d1b63565577986442d123/proposals/680d1b64565577986442d28e
69fc8e0989371182537b30a3,"MLabs - Cardano Tx Library: JavaScript/TypeScript Interface, Koios Backend, Hard Fork Maintenance",MLabs LTD,52,MLabs Core Tool Maintenance & Enhancement: Cardano Transaction Library (CTL),MLabs,1.0,high,MLabs,,X/Twitter: @MLabs10,mlabs.city,Submission lead listed above,Company,139130.0,false,"Yes: count=42, voting_power=655,044,796,635,435; No: count=48, voting_power=764,764,364,311,067; Abstain: count=36, voting_power=1,711,581,707,439,641",https://2025budget.intersectmbo.org/ballots/680d1b63565577986442d123/proposals/680d1b64565577986442d28c
69fc8e0989371182537b30a3,"MLabs - Cardano Tx Library: JavaScript/TypeScript Interface, Koios Backend, Hard Fork Maintenance",MLabs LTD,53,MLabs Core Tool Maintenance & Enhancement: Plutarch,MLabs,1.0,high,MLabs,,X/Twitter: @MLabs10,mlabs.city,Submission lead listed above,Company,243478.0,true,"Yes: count=67, voting_power=1,853,408,951,403,150; No: count=35, voting_power=348,924,258,159,379; Abstain: count=28, voting_power=943,964,332,794,076",https://2025budget.intersectmbo.org/ballots/680d1b63565577986442d123/proposals/680d1b64565577986442d28a
69fc8e0989371182537b30a3,"MLabs - Cardano Tx Library: JavaScript/TypeScript Interface, Koios Backend, Hard Fork Maintenance",MLabs LTD,597,MLabs Research towards Tooling for Elliptical Curves - GrumpleStiltSkin,MLabs Ltd,1.0,high,MLabs Ltd,,info@mlabs.city,mlabs.city,,Company,104347.0,true,"Yes: count=53, voting_power=1,235,470,972,782,976; No: count=43, voting_power=615,418,992,922,908; Abstain: count=26, voting_power=1,424,264,342,017,898",https://2025budget.intersectmbo.org/ballots/680d1b63565577986442d123/proposals/680d1b63565577986442d1a6
69fb669185ddd26899aaf203,"MLabs - Cardano.nix: 2026 Maintenance, Operator Tooling, and Dijkstra Readiness",MLabs LTD,42,MLabs Core Tool Maintenance & Enhancement: Cardano.nix,MLabs,1.0,high,MLabs,,X/Twitter: @MLabs10,mlabs.city,Submission lead listed above,Company,45217.0,true,"Yes: count=53, voting_power=1,102,282,386,567,990; No: count=46, voting_power=561,723,294,173,538; Abstain: count=31, voting_power=1,511,342,223,593,713",https://2025budget.intersectmbo.org/ballots/680d1b63565577986442d123/proposals/680d1b64565577986442d294
69fb669185ddd26899aaf203,"MLabs - Cardano.nix: 2026 Maintenance, Operator Tooling, and Dijkstra Readiness",MLabs LTD,43,MLabs Core Tool Maintenance & Enhancement: Ply,MLabs,1.0,high,MLabs,,X/Twitter: @MLabs10,mlabs.city,Submission lead listed above,Company,45217.0,false,"Yes: count=42, voting_power=686,166,430,512,329; No: count=50, voting_power=797,261,087,370,034; Abstain: count=38, voting_power=1,655,229,547,955,027",https://2025budget.intersectmbo.org/ballots/680d1b63565577986442d123/proposals/680d1b64565577986442d292
69fb669185ddd26899aaf203,"MLabs - Cardano.nix: 2026 Maintenance, Operator Tooling, and Dijkstra Readiness",MLabs LTD,44,MLabs Core Tool Maintenance & Enhancement: CLB,MLabs,1.0,high,MLabs,,X/Twitter: @MLabs10,mlabs.city,Submission lead listed above,Company,45217.0,false,"Yes: count=37, voting_power=558,401,334,262,163; No: count=53, voting_power=818,488,102,017,186; Abstain: count=39, voting_power=1,767,412,634,552,232",https://2025budget.intersectmbo.org/ballots/680d1b63565577986442d123/proposals/680d1b64565577986442d290
69fb669185ddd26899aaf203,"MLabs - Cardano.nix: 2026 Maintenance, Operator Tooling, and Dijkstra Readiness",MLabs LTD,45,MLabs Maintenance & Enhancement: Atlas PAB,MLabs,1.0,high,MLabs,,X/Twitter: @MLabs10,mlabs.city,Submission lead listed above,Company,83478.0,false,"Yes: count=37, voting_power=540,182,845,998,696; No: count=56, voting_power=811,357,037,556,611; Abstain: count=33, voting_power=1,707,330,443,104,094",https://2025budget.intersectmbo.org/ballots/680d1b63565577986442d123/proposals/680d1b64565577986442d28e
69fb669185ddd26899aaf203,"MLabs - Cardano.nix: 2026 Maintenance, Operator Tooling, and Dijkstra Readiness",MLabs LTD,52,MLabs Core Tool Maintenance & Enhancement: Cardano Transaction Library (CTL),MLabs,1.0,high,MLabs,,X/Twitter: @MLabs10,mlabs.city,Submission lead listed above,Company,139130.0,false,"Yes: count=42, voting_power=655,044,796,635,435; No: count=48, voting_power=764,764,364,311,067; Abstain: count=36, voting_power=1,711,581,707,439,641",https://2025budget.intersectmbo.org/ballots/680d1b63565577986442d123/proposals/680d1b64565577986442d28c
69fb669185ddd26899aaf203,"MLabs - Cardano.nix: 2026 Maintenance, Operator Tooling, and Dijkstra Readiness",MLabs LTD,53,MLabs Core Tool Maintenance & Enhancement: Plutarch,MLabs,1.0,high,MLabs,,X/Twitter: @MLabs10,mlabs.city,Submission lead listed above,Company,243478.0,true,"Yes: count=67, voting_power=1,853,408,951,403,150; No: count=35, voting_power=348,924,258,159,379; Abstain: count=28, voting_power=943,964,332,794,076",https://2025budget.intersectmbo.org/ballots/680d1b63565577986442d123/proposals/680d1b64565577986442d28a
69fb669185ddd26899aaf203,"MLabs - Cardano.nix: 2026 Maintenance, Operator Tooling, and Dijkstra Readiness",MLabs LTD,597,MLabs Research towards Tooling for Elliptical Curves - GrumpleStiltSkin,MLabs Ltd,1.0,high,MLabs Ltd,,info@mlabs.city,mlabs.city,,Company,104347.0,true,"Yes: count=53, voting_power=1,235,470,972,782,976; No: count=43, voting_power=615,418,992,922,908; Abstain: count=26, voting_power=1,424,264,342,017,898",https://2025budget.intersectmbo.org/ballots/680d1b63565577986442d123/proposals/680d1b63565577986442d1a6
69fb5faab05ff80adc7d5c46,MLabs: Post-quantum signature verification support,MLabs LTD,42,MLabs Core Tool Maintenance & Enhancement: Cardano.nix,MLabs,1.0,high,MLabs,,X/Twitter: @MLabs10,mlabs.city,Submission lead listed above,Company,45217.0,true,"Yes: count=53, voting_power=1,102,282,386,567,990; No: count=46, voting_power=561,723,294,173,538; Abstain: count=31, voting_power=1,511,342,223,593,713",https://2025budget.intersectmbo.org/ballots/680d1b63565577986442d123/proposals/680d1b64565577986442d294
69fb5faab05ff80adc7d5c46,MLabs: Post-quantum signature verification support,MLabs LTD,43,MLabs Core Tool Maintenance & Enhancement: Ply,MLabs,1.0,high,MLabs,,X/Twitter: @MLabs10,mlabs.city,Submission lead listed above,Company,45217.0,false,"Yes: count=42, voting_power=686,166,430,512,329; No: count=50, voting_power=797,261,087,370,034; Abstain: count=38, voting_power=1,655,229,547,955,027",https://2025budget.intersectmbo.org/ballots/680d1b63565577986442d123/proposals/680d1b64565577986442d292
69fb5faab05ff80adc7d5c46,MLabs: Post-quantum signature verification support,MLabs LTD,44,MLabs Core Tool Maintenance & Enhancement: CLB,MLabs,1.0,high,MLabs,,X/Twitter: @MLabs10,mlabs.city,Submission lead listed above,Company,45217.0,false,"Yes: count=37, voting_power=558,401,334,262,163; No: count=53, voting_power=818,488,102,017,186; Abstain: count=39, voting_power=1,767,412,634,552,232",https://2025budget.intersectmbo.org/ballots/680d1b63565577986442d123/proposals/680d1b64565577986442d290
69fb5faab05ff80adc7d5c46,MLabs: Post-quantum signature verification support,MLabs LTD,45,MLabs Maintenance & Enhancement: Atlas PAB,MLabs,1.0,high,MLabs,,X/Twitter: @MLabs10,mlabs.city,Submission lead listed above,Company,83478.0,false,"Yes: count=37, voting_power=540,182,845,998,696; No: count=56, voting_power=811,357,037,556,611; Abstain: count=33, voting_power=1,707,330,443,104,094",https://2025budget.intersectmbo.org/ballots/680d1b63565577986442d123/proposals/680d1b64565577986442d28e
69fb5faab05ff80adc7d5c46,MLabs: Post-quantum signature verification support,MLabs LTD,52,MLabs Core Tool Maintenance & Enhancement: Cardano Transaction Library (CTL),MLabs,1.0,high,MLabs,,X/Twitter: @MLabs10,mlabs.city,Submission lead listed above,Company,139130.0,false,"Yes: count=42, voting_power=655,044,796,635,435; No: count=48, voting_power=764,764,364,311,067; Abstain: count=36, voting_power=1,711,581,707,439,641",https://2025budget.intersectmbo.org/ballots/680d1b63565577986442d123/proposals/680d1b64565577986442d28c
69fb5faab05ff80adc7d5c46,MLabs: Post-quantum signature verification support,MLabs LTD,53,MLabs Core Tool Maintenance & Enhancement: Plutarch,MLabs,1.0,high,MLabs,,X/Twitter: @MLabs10,mlabs.city,Submission lead listed above,Company,243478.0,true,"Yes: count=67, voting_power=1,853,408,951,403,150; No: count=35, voting_power=348,924,258,159,379; Abstain: count=28, voting_power=943,964,332,794,076",https://2025budget.intersectmbo.org/ballots/680d1b63565577986442d123/proposals/680d1b64565577986442d28a
69fb5faab05ff80adc7d5c46,MLabs: Post-quantum signature verification support,MLabs LTD,597,MLabs Research towards Tooling for Elliptical Curves - GrumpleStiltSkin,MLabs Ltd,1.0,high,MLabs Ltd,,info@mlabs.city,mlabs.city,,Company,104347.0,true,"Yes: count=53, voting_power=1,235,470,972,782,976; No: count=43, voting_power=615,418,992,922,908; Abstain: count=26, voting_power=1,424,264,342,017,898",https://2025budget.intersectmbo.org/ballots/680d1b63565577986442d123/proposals/680d1b63565577986442d1a6
69fb450f8a0de51b89857e10,MLabs: Encrypted Programmable Tokens with TFHE,MLabs LTD,42,MLabs Core Tool Maintenance & Enhancement: Cardano.nix,MLabs,1.0,high,MLabs,,X/Twitter: @MLabs10,mlabs.city,Submission lead listed above,Company,45217.0,true,"Yes: count=53, voting_power=1,102,282,386,567,990; No: count=46, voting_power=561,723,294,173,538; Abstain: count=31, voting_power=1,511,342,223,593,713",https://2025budget.intersectmbo.org/ballots/680d1b63565577986442d123/proposals/680d1b64565577986442d294
69fb450f8a0de51b89857e10,MLabs: Encrypted Programmable Tokens with TFHE,MLabs LTD,43,MLabs Core Tool Maintenance & Enhancement: Ply,MLabs,1.0,high,MLabs,,X/Twitter: @MLabs10,mlabs.city,Submission lead listed above,Company,45217.0,false,"Yes: count=42, voting_power=686,166,430,512,329; No: count=50, voting_power=797,261,087,370,034; Abstain: count=38, voting_power=1,655,229,547,955,027",https://2025budget.intersectmbo.org/ballots/680d1b63565577986442d123/proposals/680d1b64565577986442d292
69fb450f8a0de51b89857e10,MLabs: Encrypted Programmable Tokens with TFHE,MLabs LTD,44,MLabs Core Tool Maintenance & Enhancement: CLB,MLabs,1.0,high,MLabs,,X/Twitter: @MLabs10,mlabs.city,Submission lead listed above,Company,45217.0,false,"Yes: count=37, voting_power=558,401,334,262,163; No: count=53, voting_power=818,488,102,017,186; Abstain: count=39, voting_power=1,767,412,634,552,232",https://2025budget.intersectmbo.org/ballots/680d1b63565577986442d123/proposals/680d1b64565577986442d290
69fb450f8a0de51b89857e10,MLabs: Encrypted Programmable Tokens with TFHE,MLabs LTD,45,MLabs Maintenance & Enhancement: Atlas PAB,MLabs,1.0,high,MLabs,,X/Twitter: @MLabs10,mlabs.city,Submission lead listed above,Company,83478.0,false,"Yes: count=37, voting_power=540,182,845,998,696; No: count=56, voting_power=811,357,037,556,611; Abstain: count=33, voting_power=1,707,330,443,104,094",https://2025budget.intersectmbo.org/ballots/680d1b63565577986442d123/proposals/680d1b64565577986442d28e
69fb450f8a0de51b89857e10,MLabs: Encrypted Programmable Tokens with TFHE,MLabs LTD,52,MLabs Core Tool Maintenance & Enhancement: Cardano Transaction Library (CTL),MLabs,1.0,high,MLabs,,X/Twitter: @MLabs10,mlabs.city,Submission lead listed above,Company,139130.0,false,"Yes: count=42, voting_power=655,044,796,635,435; No: count=48, voting_power=764,764,364,311,067; Abstain: count=36, voting_power=1,711,581,707,439,641",https://2025budget.intersectmbo.org/ballots/680d1b63565577986442d123/proposals/680d1b64565577986442d28c
69fb450f8a0de51b89857e10,MLabs: Encrypted Programmable Tokens with TFHE,MLabs LTD,53,MLabs Core Tool Maintenance & Enhancement: Plutarch,MLabs,1.0,high,MLabs,,X/Twitter: @MLabs10,mlabs.city,Submission lead listed above,Company,243478.0,true,"Yes: count=67, voting_power=1,853,408,951,403,150; No: count=35, voting_power=348,924,258,159,379; Abstain: count=28, voting_power=943,964,332,794,076",https://2025budget.intersectmbo.org/ballots/680d1b63565577986442d123/proposals/680d1b64565577986442d28a
69fb450f8a0de51b89857e10,MLabs: Encrypted Programmable Tokens with TFHE,MLabs LTD,597,MLabs Research towards Tooling for Elliptical Curves - GrumpleStiltSkin,MLabs Ltd,1.0,high,MLabs Ltd,,info@mlabs.city,mlabs.city,,Company,104347.0,true,"Yes: count=53, voting_power=1,235,470,972,782,976; No: count=43, voting_power=615,418,992,922,908; Abstain: count=26, voting_power=1,424,264,342,017,898",https://2025budget.intersectmbo.org/ballots/680d1b63565577986442d123/proposals/680d1b63565577986442d1a6
69fb2e7485ddd26899aaf1fe,MLabs: Better arrays for everyone,MLabs LTD,42,MLabs Core Tool Maintenance & Enhancement: Cardano.nix,MLabs,1.0,high,MLabs,,X/Twitter: @MLabs10,mlabs.city,Submission lead listed above,Company,45217.0,true,"Yes: count=53, voting_power=1,102,282,386,567,990; No: count=46, voting_power=561,723,294,173,538; Abstain: count=31, voting_power=1,511,342,223,593,713",https://2025budget.intersectmbo.org/ballots/680d1b63565577986442d123/proposals/680d1b64565577986442d294
69fb2e7485ddd26899aaf1fe,MLabs: Better arrays for everyone,MLabs LTD,43,MLabs Core Tool Maintenance & Enhancement: Ply,MLabs,1.0,high,MLabs,,X/Twitter: @MLabs10,mlabs.city,Submission lead listed above,Company,45217.0,false,"Yes: count=42, voting_power=686,166,430,512,329; No: count=50, voting_power=797,261,087,370,034; Abstain: count=38, voting_power=1,655,229,547,955,027",https://2025budget.intersectmbo.org/ballots/680d1b63565577986442d123/proposals/680d1b64565577986442d292
69fb2e7485ddd26899aaf1fe,MLabs: Better arrays for everyone,MLabs LTD,44,MLabs Core Tool Maintenance & Enhancement: CLB,MLabs,1.0,high,MLabs,,X/Twitter: @MLabs10,mlabs.city,Submission lead listed above,Company,45217.0,false,"Yes: count=37, voting_power=558,401,334,262,163; No: count=53, voting_power=818,488,102,017,186; Abstain: count=39, voting_power=1,767,412,634,552,232",https://2025budget.intersectmbo.org/ballots/680d1b63565577986442d123/proposals/680d1b64565577986442d290
69fb2e7485ddd26899aaf1fe,MLabs: Better arrays for everyone,MLabs LTD,45,MLabs Maintenance & Enhancement: Atlas PAB,MLabs,1.0,high,MLabs,,X/Twitter: @MLabs10,mlabs.city,Submission lead listed above,Company,83478.0,false,"Yes: count=37, voting_power=540,182,845,998,696; No: count=56, voting_power=811,357,037,556,611; Abstain: count=33, voting_power=1,707,330,443,104,094",https://2025budget.intersectmbo.org/ballots/680d1b63565577986442d123/proposals/680d1b64565577986442d28e
69fb2e7485ddd26899aaf1fe,MLabs: Better arrays for everyone,MLabs LTD,52,MLabs Core Tool Maintenance & Enhancement: Cardano Transaction Library (CTL),MLabs,1.0,high,MLabs,,X/Twitter: @MLabs10,mlabs.city,Submission lead listed above,Company,139130.0,false,"Yes: count=42, voting_power=655,044,796,635,435; No: count=48, voting_power=764,764,364,311,067; Abstain: count=36, voting_power=1,711,581,707,439,641",https://2025budget.intersectmbo.org/ballots/680d1b63565577986442d123/proposals/680d1b64565577986442d28c
69fb2e7485ddd26899aaf1fe,MLabs: Better arrays for everyone,MLabs LTD,53,MLabs Core Tool Maintenance & Enhancement: Plutarch,MLabs,1.0,high,MLabs,,X/Twitter: @MLabs10,mlabs.city,Submission lead listed above,Company,243478.0,true,"Yes: count=67, voting_power=1,853,408,951,403,150; No: count=35, voting_power=348,924,258,159,379; Abstain: count=28, voting_power=943,964,332,794,076",https://2025budget.intersectmbo.org/ballots/680d1b63565577986442d123/proposals/680d1b64565577986442d28a
69fb2e7485ddd26899aaf1fe,MLabs: Better arrays for everyone,MLabs LTD,597,MLabs Research towards Tooling for Elliptical Curves - GrumpleStiltSkin,MLabs Ltd,1.0,high,MLabs Ltd,,info@mlabs.city,mlabs.city,,Company,104347.0,true,"Yes: count=53, voting_power=1,235,470,972,782,976; No: count=43, voting_power=615,418,992,922,908; Abstain: count=26, voting_power=1,424,264,342,017,898",https://2025budget.intersectmbo.org/ballots/680d1b63565577986442d123/proposals/680d1b63565577986442d1a6
69fae404f9ebc26d057f51bf,MLabs Core Tool Maintenance & Enhancement: Plutarch and Ply,MLabs LTD,42,MLabs Core Tool Maintenance & Enhancement: Cardano.nix,MLabs,1.0,high,MLabs,,X/Twitter: @MLabs10,mlabs.city,Submission lead listed above,Company,45217.0,true,"Yes: count=53, voting_power=1,102,282,386,567,990; No: count=46, voting_power=561,723,294,173,538; Abstain: count=31, voting_power=1,511,342,223,593,713",https://2025budget.intersectmbo.org/ballots/680d1b63565577986442d123/proposals/680d1b64565577986442d294
69fae404f9ebc26d057f51bf,MLabs Core Tool Maintenance & Enhancement: Plutarch and Ply,MLabs LTD,43,MLabs Core Tool Maintenance & Enhancement: Ply,MLabs,1.0,high,MLabs,,X/Twitter: @MLabs10,mlabs.city,Submission lead listed above,Company,45217.0,false,"Yes: count=42, voting_power=686,166,430,512,329; No: count=50, voting_power=797,261,087,370,034; Abstain: count=38, voting_power=1,655,229,547,955,027",https://2025budget.intersectmbo.org/ballots/680d1b63565577986442d123/proposals/680d1b64565577986442d292
69fae404f9ebc26d057f51bf,MLabs Core Tool Maintenance & Enhancement: Plutarch and Ply,MLabs LTD,44,MLabs Core Tool Maintenance & Enhancement: CLB,MLabs,1.0,high,MLabs,,X/Twitter: @MLabs10,mlabs.city,Submission lead listed above,Company,45217.0,false,"Yes: count=37, voting_power=558,401,334,262,163; No: count=53, voting_power=818,488,102,017,186; Abstain: count=39, voting_power=1,767,412,634,552,232",https://2025budget.intersectmbo.org/ballots/680d1b63565577986442d123/proposals/680d1b64565577986442d290
69fae404f9ebc26d057f51bf,MLabs Core Tool Maintenance & Enhancement: Plutarch and Ply,MLabs LTD,45,MLabs Maintenance & Enhancement: Atlas PAB,MLabs,1.0,high,MLabs,,X/Twitter: @MLabs10,mlabs.city,Submission lead listed above,Company,83478.0,false,"Yes: count=37, voting_power=540,182,845,998,696; No: count=56, voting_power=811,357,037,556,611; Abstain: count=33, voting_power=1,707,330,443,104,094",https://2025budget.intersectmbo.org/ballots/680d1b63565577986442d123/proposals/680d1b64565577986442d28e
69fae404f9ebc26d057f51bf,MLabs Core Tool Maintenance & Enhancement: Plutarch and Ply,MLabs LTD,52,MLabs Core Tool Maintenance & Enhancement: Cardano Transaction Library (CTL),MLabs,1.0,high,MLabs,,X/Twitter: @MLabs10,mlabs.city,Submission lead listed above,Company,139130.0,false,"Yes: count=42, voting_power=655,044,796,635,435; No: count=48, voting_power=764,764,364,311,067; Abstain: count=36, voting_power=1,711,581,707,439,641",https://2025budget.intersectmbo.org/ballots/680d1b63565577986442d123/proposals/680d1b64565577986442d28c
69fae404f9ebc26d057f51bf,MLabs Core Tool Maintenance & Enhancement: Plutarch and Ply,MLabs LTD,53,MLabs Core Tool Maintenance & Enhancement: Plutarch,MLabs,1.0,high,MLabs,,X/Twitter: @MLabs10,mlabs.city,Submission lead listed above,Company,243478.0,true,"Yes: count=67, voting_power=1,853,408,951,403,150; No: count=35, voting_power=348,924,258,159,379; Abstain: count=28, voting_power=943,964,332,794,076",https://2025budget.intersectmbo.org/ballots/680d1b63565577986442d123/proposals/680d1b64565577986442d28a
69fae404f9ebc26d057f51bf,MLabs Core Tool Maintenance & Enhancement: Plutarch and Ply,MLabs LTD,597,MLabs Research towards Tooling for Elliptical Curves - GrumpleStiltSkin,MLabs Ltd,1.0,high,MLabs Ltd,,info@mlabs.city,mlabs.city,,Company,104347.0,true,"Yes: count=53, voting_power=1,235,470,972,782,976; No: count=43, voting_power=615,418,992,922,908; Abstain: count=26, voting_power=1,424,264,342,017,898",https://2025budget.intersectmbo.org/ballots/680d1b63565577986442d123/proposals/680d1b63565577986442d1a6
69f8b983e8a58900f4a05a06,MLabs: Open-Sourcing FeesaSwap as Live Fee Abstraction Infrastructure on Cardano,MLabs LTD,42,MLabs Core Tool Maintenance & Enhancement: Cardano.nix,MLabs,1.0,high,MLabs,,X/Twitter: @MLabs10,mlabs.city,Submission lead listed above,Company,45217.0,true,"Yes: count=53, voting_power=1,102,282,386,567,990; No: count=46, voting_power=561,723,294,173,538; Abstain: count=31, voting_power=1,511,342,223,593,713",https://2025budget.intersectmbo.org/ballots/680d1b63565577986442d123/proposals/680d1b64565577986442d294
69f8b983e8a58900f4a05a06,MLabs: Open-Sourcing FeesaSwap as Live Fee Abstraction Infrastructure on Cardano,MLabs LTD,43,MLabs Core Tool Maintenance & Enhancement: Ply,MLabs,1.0,high,MLabs,,X/Twitter: @MLabs10,mlabs.city,Submission lead listed above,Company,45217.0,false,"Yes: count=42, voting_power=686,166,430,512,329; No: count=50, voting_power=797,261,087,370,034; Abstain: count=38, voting_power=1,655,229,547,955,027",https://2025budget.intersectmbo.org/ballots/680d1b63565577986442d123/proposals/680d1b64565577986442d292
69f8b983e8a58900f4a05a06,MLabs: Open-Sourcing FeesaSwap as Live Fee Abstraction Infrastructure on Cardano,MLabs LTD,44,MLabs Core Tool Maintenance & Enhancement: CLB,MLabs,1.0,high,MLabs,,X/Twitter: @MLabs10,mlabs.city,Submission lead listed above,Company,45217.0,false,"Yes: count=37, voting_power=558,401,334,262,163; No: count=53, voting_power=818,488,102,017,186; Abstain: count=39, voting_power=1,767,412,634,552,232",https://2025budget.intersectmbo.org/ballots/680d1b63565577986442d123/proposals/680d1b64565577986442d290
69f8b983e8a58900f4a05a06,MLabs: Open-Sourcing FeesaSwap as Live Fee Abstraction Infrastructure on Cardano,MLabs LTD,45,MLabs Maintenance & Enhancement: Atlas PAB,MLabs,1.0,high,MLabs,,X/Twitter: @MLabs10,mlabs.city,Submission lead listed above,Company,83478.0,false,"Yes: count=37, voting_power=540,182,845,998,696; No: count=56, voting_power=811,357,037,556,611; Abstain: count=33, voting_power=1,707,330,443,104,094",https://2025budget.intersectmbo.org/ballots/680d1b63565577986442d123/proposals/680d1b64565577986442d28e
69f8b983e8a58900f4a05a06,MLabs: Open-Sourcing FeesaSwap as Live Fee Abstraction Infrastructure on Cardano,MLabs LTD,52,MLabs Core Tool Maintenance & Enhancement: Cardano Transaction Library (CTL),MLabs,1.0,high,MLabs,,X/Twitter: @MLabs10,mlabs.city,Submission lead listed above,Company,139130.0,false,"Yes: count=42, voting_power=655,044,796,635,435; No: count=48, voting_power=764,764,364,311,067; Abstain: count=36, voting_power=1,711,581,707,439,641",https://2025budget.intersectmbo.org/ballots/680d1b63565577986442d123/proposals/680d1b64565577986442d28c
69f8b983e8a58900f4a05a06,MLabs: Open-Sourcing FeesaSwap as Live Fee Abstraction Infrastructure on Cardano,MLabs LTD,53,MLabs Core Tool Maintenance & Enhancement: Plutarch,MLabs,1.0,high,MLabs,,X/Twitter: @MLabs10,mlabs.city,Submission lead listed above,Company,243478.0,true,"Yes: count=67, voting_power=1,853,408,951,403,150; No: count=35, voting_power=348,924,258,159,379; Abstain: count=28, voting_power=943,964,332,794,076",https://2025budget.intersectmbo.org/ballots/680d1b63565577986442d123/proposals/680d1b64565577986442d28a
69f8b983e8a58900f4a05a06,MLabs: Open-Sourcing FeesaSwap as Live Fee Abstraction Infrastructure on Cardano,MLabs LTD,597,MLabs Research towards Tooling for Elliptical Curves - GrumpleStiltSkin,MLabs Ltd,1.0,high,MLabs Ltd,,info@mlabs.city,mlabs.city,,Company,104347.0,true,"Yes: count=53, voting_power=1,235,470,972,782,976; No: count=43, voting_power=615,418,992,922,908; Abstain: count=26, voting_power=1,424,264,342,017,898",https://2025budget.intersectmbo.org/ballots/680d1b63565577986442d123/proposals/680d1b63565577986442d1a6
69fb2be989371182537b3099,MLabs - Covenant 2: Cross-Language Support and Developer Experience,MLabsLTD,42,MLabs Core Tool Maintenance & Enhancement: Cardano.nix,MLabs,1.0,high,MLabs,,X/Twitter: @MLabs10,mlabs.city,Submission lead listed above,Company,45217.0,true,"Yes: count=53, voting_power=1,102,282,386,567,990; No: count=46, voting_power=561,723,294,173,538; Abstain: count=31, voting_power=1,511,342,223,593,713",https://2025budget.intersectmbo.org/ballots/680d1b63565577986442d123/proposals/680d1b64565577986442d294
69fb2be989371182537b3099,MLabs - Covenant 2: Cross-Language Support and Developer Experience,MLabsLTD,43,MLabs Core Tool Maintenance & Enhancement: Ply,MLabs,1.0,high,MLabs,,X/Twitter: @MLabs10,mlabs.city,Submission lead listed above,Company,45217.0,false,"Yes: count=42, voting_power=686,166,430,512,329; No: count=50, voting_power=797,261,087,370,034; Abstain: count=38, voting_power=1,655,229,547,955,027",https://2025budget.intersectmbo.org/ballots/680d1b63565577986442d123/proposals/680d1b64565577986442d292
69fb2be989371182537b3099,MLabs - Covenant 2: Cross-Language Support and Developer Experience,MLabsLTD,44,MLabs Core Tool Maintenance & Enhancement: CLB,MLabs,1.0,high,MLabs,,X/Twitter: @MLabs10,mlabs.city,Submission lead listed above,Company,45217.0,false,"Yes: count=37, voting_power=558,401,334,262,163; No: count=53, voting_power=818,488,102,017,186; Abstain: count=39, voting_power=1,767,412,634,552,232",https://2025budget.intersectmbo.org/ballots/680d1b63565577986442d123/proposals/680d1b64565577986442d290
69fb2be989371182537b3099,MLabs - Covenant 2: Cross-Language Support and Developer Experience,MLabsLTD,45,MLabs Maintenance & Enhancement: Atlas PAB,MLabs,1.0,high,MLabs,,X/Twitter: @MLabs10,mlabs.city,Submission lead listed above,Company,83478.0,false,"Yes: count=37, voting_power=540,182,845,998,696; No: count=56, voting_power=811,357,037,556,611; Abstain: count=33, voting_power=1,707,330,443,104,094",https://2025budget.intersectmbo.org/ballots/680d1b63565577986442d123/proposals/680d1b64565577986442d28e
69fb2be989371182537b3099,MLabs - Covenant 2: Cross-Language Support and Developer Experience,MLabsLTD,52,MLabs Core Tool Maintenance & Enhancement: Cardano Transaction Library (CTL),MLabs,1.0,high,MLabs,,X/Twitter: @MLabs10,mlabs.city,Submission lead listed above,Company,139130.0,false,"Yes: count=42, voting_power=655,044,796,635,435; No: count=48, voting_power=764,764,364,311,067; Abstain: count=36, voting_power=1,711,581,707,439,641",https://2025budget.intersectmbo.org/ballots/680d1b63565577986442d123/proposals/680d1b64565577986442d28c
69fb2be989371182537b3099,MLabs - Covenant 2: Cross-Language Support and Developer Experience,MLabsLTD,53,MLabs Core Tool Maintenance & Enhancement: Plutarch,MLabs,1.0,high,MLabs,,X/Twitter: @MLabs10,mlabs.city,Submission lead listed above,Company,243478.0,true,"Yes: count=67, voting_power=1,853,408,951,403,150; No: count=35, voting_power=348,924,258,159,379; Abstain: count=28, voting_power=943,964,332,794,076",https://2025budget.intersectmbo.org/ballots/680d1b63565577986442d123/proposals/680d1b64565577986442d28a
69fb2be989371182537b3099,MLabs - Covenant 2: Cross-Language Support and Developer Experience,MLabsLTD,597,MLabs Research towards Tooling for Elliptical Curves - GrumpleStiltSkin,MLabs Ltd,1.0,high,MLabs Ltd,,info@mlabs.city,mlabs.city,,Company,104347.0,true,"Yes: count=53, voting_power=1,235,470,972,782,976; No: count=43, voting_power=615,418,992,922,908; Abstain: count=26, voting_power=1,424,264,342,017,898",https://2025budget.intersectmbo.org/ballots/680d1b63565577986442d123/proposals/680d1b63565577986442d1a6
69f293527822b26563397afd,Amplify Cardano: Ecosystem Accelerator + Community-Led Marketing & Events Fund,Rare Network (Rare Evo) & SCRIB3,527,Cardano Rising: Japan Delegation to Rare Evo for Media and Enterprise Impact,Cardano Rising: Japan Delegation to Rare Evo for Media and Enterprise Impact,1.0,high,Lightning Communications,,fred@lightning-communications.co.jp,lightning-communications.co.jp,,Company,199333.0,false,"Yes: count=3, voting_power=8,017,652,019,258; No: count=103, voting_power=2,544,900,419,323,357; Abstain: count=18, voting_power=632,294,005,930,145",https://2025budget.intersectmbo.org/ballots/680d1b63565577986442d123/proposals/680d1b63565577986442d1e0
69f293527822b26563397afd,Amplify Cardano: Ecosystem Accelerator + Community-Led Marketing & Events Fund,Rare Network (Rare Evo) & SCRIB3,528,"2025 Market Research, Testing and Strategic Planning",SCRIB3,1.0,high,SCRIB3,,ross@scrib3.co,scrib3.co,,Company,1000000.0,false,"Yes: count=5, voting_power=33,183,848,113,399; No: count=104, voting_power=2,872,207,796,876,374; Abstain: count=18, voting_power=282,620,379,665,415",https://2025budget.intersectmbo.org/ballots/680d1b63565577986442d123/proposals/680d1b63565577986442d1de
69f293527822b26563397afd,Amplify Cardano: Ecosystem Accelerator + Community-Led Marketing & Events Fund,Rare Network (Rare Evo) & SCRIB3,529,"2025 Marketing Program Management, Reporting & Measurement (ROI)",SCRIB3,1.0,high,SCRIB3,,ross@scrib3.co,scrib3.co,,Company,960000.0,false,"Yes: count=6, voting_power=550,317,105,795,546; No: count=100, voting_power=2,290,879,953,360,527; Abstain: count=21, voting_power=346,826,153,746,723",https://2025budget.intersectmbo.org/ballots/680d1b63565577986442d123/proposals/680d1b63565577986442d1dc
69f293527822b26563397afd,Amplify Cardano: Ecosystem Accelerator + Community-Led Marketing & Events Fund,Rare Network (Rare Evo) & SCRIB3,603,"Global Brand Strategy, Creative Campaign & Global Creative Asset Catalogue",SCRIB3,1.0,high,SCRIB3,,jb@scrib3.co,scrib3.co,,Company,3000000.0,false,"Yes: count=7, voting_power=548,184,589,273,070; No: count=109, voting_power=2,412,630,571,486,650; Abstain: count=11, voting_power=227,335,834,544,446",https://2025budget.intersectmbo.org/ballots/680d1b63565577986442d123/proposals/680d1b63565577986442d19e
69f293527822b26563397afd,Amplify Cardano: Ecosystem Accelerator + Community-Led Marketing & Events Fund,Rare Network (Rare Evo) & SCRIB3,627,Amplify Cardano: Community-Led Events Fund by Rare Network,Rare Network,0.92,high,Rare Network,,https://x.com/rareevo & https://x.com/rarenetworkweb3,rarenetwork.io,Submission lead listed above,Company,1000000.0,false,"Yes: count=30, voting_power=942,473,499,406,335; No: count=79, voting_power=1,729,789,064,564,394; Abstain: count=18, voting_power=562,158,434,042,860",https://2025budget.intersectmbo.org/ballots/680d1b63565577986442d123/proposals/680d1b63565577986442d180
69f293527822b26563397afd,Amplify Cardano: Ecosystem Accelerator + Community-Led Marketing & Events Fund,Rare Network (Rare Evo) & SCRIB3,630, Amplify Cardano: Community-Led Marketing Fund by Rare Network,Rare Network,0.92,high,Rare Network,,contact@rarenetwork.io,rarenetwork.io,,Company,1000000.0,false,"Yes: count=29, voting_power=740,510,228,468,390; No: count=79, voting_power=1,357,593,767,961,824; Abstain: count=21, voting_power=1,136,356,531,819,448",https://2025budget.intersectmbo.org/ballots/680d1b63565577986442d123/proposals/680d1b63565577986442d17e
69fdbd6381aade1f18481c2e,Cardano Enterprise Activation Sandbox,STORM Partners,611,Cardano Unlocked: Breaking the Language Barrier in Code and Story,STORM Partners,1.0,high,STORM Partners,,sheraz.ahmed@storm.partners,STORM.Partners,,Company,2294851.0,false,"Yes: count=8, voting_power=45,495,725,052,377; No: count=110, voting_power=2,906,121,681,367,763; Abstain: count=9, voting_power=230,934,005,687,047",https://2025budget.intersectmbo.org/ballots/680d1b63565577986442d123/proposals/680d1b63565577986442d196
69fdbd6381aade1f18481c2e,Cardano Enterprise Activation Sandbox,STORM Partners,612,Cardano for Institutions: Decentralizing Government & Public Infrastructures,STORM Partners,1.0,high,STORM Partners,,sheraz.ahmed@storm.partners,STORM.Partners,,Company,4744993.0,false,"Yes: count=3, voting_power=4,835,393,529,761; No: count=111, voting_power=2,988,567,800,897,571; Abstain: count=14, voting_power=237,946,434,827,825",https://2025budget.intersectmbo.org/ballots/680d1b63565577986442d123/proposals/680d1b63565577986442d194
69fdbd6381aade1f18481c2e,Cardano Enterprise Activation Sandbox,STORM Partners,614,Cardano User Growth: Unifying the Ecosystem for Mass Adoption,STORM Partners,1.0,high,STORM Partners,,sheraz.ahmed@storm.partners,STORM.Partners,,Company,3091732.0,false,"Yes: count=5, voting_power=27,447,276,301,907; No: count=111, voting_power=2,931,988,468,704,161; Abstain: count=13, voting_power=235,665,240,975,446",https://2025budget.intersectmbo.org/ballots/680d1b63565577986442d123/proposals/680d1b63565577986442d190
69fdbd6381aade1f18481c2e,Cardano Enterprise Activation Sandbox,STORM Partners,615,From Roadmap to Reality: Strategic Decisions for a Purpose-Driven Cardano,STORM Partners,1.0,high,STORM Partners,,sheraz.ahmed@storm.partners,STORM.Partners,,Company,206115.0,false,"Yes: count=4, voting_power=37,175,110,969,718; No: count=101, voting_power=2,351,103,295,635,711; Abstain: count=17, voting_power=796,038,750,942,957",https://2025budget.intersectmbo.org/ballots/680d1b63565577986442d123/proposals/680d1b63565577986442d18e
69fc5a8785ddd26899aaf208,Tx3 by TxPipe: Open API Layer for Cardano's dApp Protocols,TxPipe,39,Dolos: Sustaining a Lightweight Cardano Data Node,TxPipe,1.0,high,TxPipe,,"x.com/txpipe_tools, github.com/txpipe",txpipe.io,Beneficiary listed above,Company,220914.0,true,"Yes: count=92, voting_power=2,695,241,789,929,025; No: count=29, voting_power=257,399,839,146,208; Abstain: count=17, voting_power=398,710,806,540,150",https://2025budget.intersectmbo.org/ballots/680d1b63565577986442d123/proposals/680d1b64565577986442d29a
69fc5a8785ddd26899aaf208,Tx3 by TxPipe: Open API Layer for Cardano's dApp Protocols,TxPipe,40,UTxO RPC: Sustaining Cardano Blockchain Integration,TxPipe,1.0,high,TxPipe,,"x.com/txpipe_tools, github.com/txpipe",txpipe.io,Beneficiary listed above,Company,220914.0,true,"Yes: count=88, voting_power=2,637,704,460,160,128; No: count=28, voting_power=167,526,672,706,438; Abstain: count=23, voting_power=594,790,370,913,431",https://2025budget.intersectmbo.org/ballots/680d1b63565577986442d123/proposals/680d1b64565577986442d298
69fc5a8785ddd26899aaf208,Tx3 by TxPipe: Open API Layer for Cardano's dApp Protocols,TxPipe,41,Pallas: Sustaining Critical Rust Tooling for Cardano,TxPipe,1.0,high,TxPipe,,"x.com/txpipe_tools, github.com/txpipe",txpipe.io,Beneficiary listed above,Company,220914.0,true,"Yes: count=92, voting_power=2,602,172,127,346,649; No: count=24, voting_power=101,767,613,819,328; Abstain: count=22, voting_power=647,107,161,584,328",https://2025budget.intersectmbo.org/ballots/680d1b63565577986442d123/proposals/680d1b64565577986442d296
69fd1b97e1ab5d003a0cab6f,"GOV.EXE by TxPipe & gf Consulting Group: Public Project Execution Integrity, Pilot in Argentina",TxPipe,39,Dolos: Sustaining a Lightweight Cardano Data Node,TxPipe,1.0,high,TxPipe,,"x.com/txpipe_tools, github.com/txpipe",txpipe.io,Beneficiary listed above,Company,220914.0,true,"Yes: count=92, voting_power=2,695,241,789,929,025; No: count=29, voting_power=257,399,839,146,208; Abstain: count=17, voting_power=398,710,806,540,150",https://2025budget.intersectmbo.org/ballots/680d1b63565577986442d123/proposals/680d1b64565577986442d29a
69fd1b97e1ab5d003a0cab6f,"GOV.EXE by TxPipe & gf Consulting Group: Public Project Execution Integrity, Pilot in Argentina",TxPipe,40,UTxO RPC: Sustaining Cardano Blockchain Integration,TxPipe,1.0,high,TxPipe,,"x.com/txpipe_tools, github.com/txpipe",txpipe.io,Beneficiary listed above,Company,220914.0,true,"Yes: count=88, voting_power=2,637,704,460,160,128; No: count=28, voting_power=167,526,672,706,438; Abstain: count=23, voting_power=594,790,370,913,431",https://2025budget.intersectmbo.org/ballots/680d1b63565577986442d123/proposals/680d1b64565577986442d298
69fd1b97e1ab5d003a0cab6f,"GOV.EXE by TxPipe & gf Consulting Group: Public Project Execution Integrity, Pilot in Argentina",TxPipe,41,Pallas: Sustaining Critical Rust Tooling for Cardano,TxPipe,1.0,high,TxPipe,,"x.com/txpipe_tools, github.com/txpipe",txpipe.io,Beneficiary listed above,Company,220914.0,true,"Yes: count=92, voting_power=2,602,172,127,346,649; No: count=24, voting_power=101,767,613,819,328; Abstain: count=22, voting_power=647,107,161,584,328",https://2025budget.intersectmbo.org/ballots/680d1b63565577986442d123/proposals/680d1b64565577986442d296
69f9dabb92f043aa2df1a282,Oura by TxPipe: Maintaining Cardano’s Event Pipeline,TxPipe,39,Dolos: Sustaining a Lightweight Cardano Data Node,TxPipe,1.0,high,TxPipe,,"x.com/txpipe_tools, github.com/txpipe",txpipe.io,Beneficiary listed above,Company,220914.0,true,"Yes: count=92, voting_power=2,695,241,789,929,025; No: count=29, voting_power=257,399,839,146,208; Abstain: count=17, voting_power=398,710,806,540,150",https://2025budget.intersectmbo.org/ballots/680d1b63565577986442d123/proposals/680d1b64565577986442d29a
69f9dabb92f043aa2df1a282,Oura by TxPipe: Maintaining Cardano’s Event Pipeline,TxPipe,40,UTxO RPC: Sustaining Cardano Blockchain Integration,TxPipe,1.0,high,TxPipe,,"x.com/txpipe_tools, github.com/txpipe",txpipe.io,Beneficiary listed above,Company,220914.0,true,"Yes: count=88, voting_power=2,637,704,460,160,128; No: count=28, voting_power=167,526,672,706,438; Abstain: count=23, voting_power=594,790,370,913,431",https://2025budget.intersectmbo.org/ballots/680d1b63565577986442d123/proposals/680d1b64565577986442d298
69f9dabb92f043aa2df1a282,Oura by TxPipe: Maintaining Cardano’s Event Pipeline,TxPipe,41,Pallas: Sustaining Critical Rust Tooling for Cardano,TxPipe,1.0,high,TxPipe,,"x.com/txpipe_tools, github.com/txpipe",txpipe.io,Beneficiary listed above,Company,220914.0,true,"Yes: count=92, voting_power=2,602,172,127,346,649; No: count=24, voting_power=101,767,613,819,328; Abstain: count=22, voting_power=647,107,161,584,328",https://2025budget.intersectmbo.org/ballots/680d1b63565577986442d123/proposals/680d1b64565577986442d296
69f9d3db0a4abf2b3c1da737,"UTxO RPC by TxPipe: Maintaining Cardano’s Integration Standard, Year 2",TxPipe,39,Dolos: Sustaining a Lightweight Cardano Data Node,TxPipe,1.0,high,TxPipe,,"x.com/txpipe_tools, github.com/txpipe",txpipe.io,Beneficiary listed above,Company,220914.0,true,"Yes: count=92, voting_power=2,695,241,789,929,025; No: count=29, voting_power=257,399,839,146,208; Abstain: count=17, voting_power=398,710,806,540,150",https://2025budget.intersectmbo.org/ballots/680d1b63565577986442d123/proposals/680d1b64565577986442d29a
69f9d3db0a4abf2b3c1da737,"UTxO RPC by TxPipe: Maintaining Cardano’s Integration Standard, Year 2",TxPipe,40,UTxO RPC: Sustaining Cardano Blockchain Integration,TxPipe,1.0,high,TxPipe,,"x.com/txpipe_tools, github.com/txpipe",txpipe.io,Beneficiary listed above,Company,220914.0,true,"Yes: count=88, voting_power=2,637,704,460,160,128; No: count=28, voting_power=167,526,672,706,438; Abstain: count=23, voting_power=594,790,370,913,431",https://2025budget.intersectmbo.org/ballots/680d1b63565577986442d123/proposals/680d1b64565577986442d298
69f9d3db0a4abf2b3c1da737,"UTxO RPC by TxPipe: Maintaining Cardano’s Integration Standard, Year 2",TxPipe,41,Pallas: Sustaining Critical Rust Tooling for Cardano,TxPipe,1.0,high,TxPipe,,"x.com/txpipe_tools, github.com/txpipe",txpipe.io,Beneficiary listed above,Company,220914.0,true,"Yes: count=92, voting_power=2,602,172,127,346,649; No: count=24, voting_power=101,767,613,819,328; Abstain: count=22, voting_power=647,107,161,584,328",https://2025budget.intersectmbo.org/ballots/680d1b63565577986442d123/proposals/680d1b64565577986442d296
69f9ca0e4b815ecdc8d91a17,"Dolos by TxPipe: Maintaining Cardano's Lightweight Data Node, Year 2",TxPipe,39,Dolos: Sustaining a Lightweight Cardano Data Node,TxPipe,1.0,high,TxPipe,,"x.com/txpipe_tools, github.com/txpipe",txpipe.io,Beneficiary listed above,Company,220914.0,true,"Yes: count=92, voting_power=2,695,241,789,929,025; No: count=29, voting_power=257,399,839,146,208; Abstain: count=17, voting_power=398,710,806,540,150",https://2025budget.intersectmbo.org/ballots/680d1b63565577986442d123/proposals/680d1b64565577986442d29a
69f9ca0e4b815ecdc8d91a17,"Dolos by TxPipe: Maintaining Cardano's Lightweight Data Node, Year 2",TxPipe,40,UTxO RPC: Sustaining Cardano Blockchain Integration,TxPipe,1.0,high,TxPipe,,"x.com/txpipe_tools, github.com/txpipe",txpipe.io,Beneficiary listed above,Company,220914.0,true,"Yes: count=88, voting_power=2,637,704,460,160,128; No: count=28, voting_power=167,526,672,706,438; Abstain: count=23, voting_power=594,790,370,913,431",https://2025budget.intersectmbo.org/ballots/680d1b63565577986442d123/proposals/680d1b64565577986442d298
69f9ca0e4b815ecdc8d91a17,"Dolos by TxPipe: Maintaining Cardano's Lightweight Data Node, Year 2",TxPipe,41,Pallas: Sustaining Critical Rust Tooling for Cardano,TxPipe,1.0,high,TxPipe,,"x.com/txpipe_tools, github.com/txpipe",txpipe.io,Beneficiary listed above,Company,220914.0,true,"Yes: count=92, voting_power=2,602,172,127,346,649; No: count=24, voting_power=101,767,613,819,328; Abstain: count=22, voting_power=647,107,161,584,328",https://2025budget.intersectmbo.org/ballots/680d1b63565577986442d123/proposals/680d1b64565577986442d296
69f8c6dec9c351b28aa8d7b8,"Pallas by TxPipe: Maintaining Cardano's Core Rust Libraries, Year 2",TxPipe,39,Dolos: Sustaining a Lightweight Cardano Data Node,TxPipe,1.0,high,TxPipe,,"x.com/txpipe_tools, github.com/txpipe",txpipe.io,Beneficiary listed above,Company,220914.0,true,"Yes: count=92, voting_power=2,695,241,789,929,025; No: count=29, voting_power=257,399,839,146,208; Abstain: count=17, voting_power=398,710,806,540,150",https://2025budget.intersectmbo.org/ballots/680d1b63565577986442d123/proposals/680d1b64565577986442d29a
69f8c6dec9c351b28aa8d7b8,"Pallas by TxPipe: Maintaining Cardano's Core Rust Libraries, Year 2",TxPipe,40,UTxO RPC: Sustaining Cardano Blockchain Integration,TxPipe,1.0,high,TxPipe,,"x.com/txpipe_tools, github.com/txpipe",txpipe.io,Beneficiary listed above,Company,220914.0,true,"Yes: count=88, voting_power=2,637,704,460,160,128; No: count=28, voting_power=167,526,672,706,438; Abstain: count=23, voting_power=594,790,370,913,431",https://2025budget.intersectmbo.org/ballots/680d1b63565577986442d123/proposals/680d1b64565577986442d298
69f8c6dec9c351b28aa8d7b8,"Pallas by TxPipe: Maintaining Cardano's Core Rust Libraries, Year 2",TxPipe,41,Pallas: Sustaining Critical Rust Tooling for Cardano,TxPipe,1.0,high,TxPipe,,"x.com/txpipe_tools, github.com/txpipe",txpipe.io,Beneficiary listed above,Company,220914.0,true,"Yes: count=92, voting_power=2,602,172,127,346,649; No: count=24, voting_power=101,767,613,819,328; Abstain: count=22, voting_power=647,107,161,584,328",https://2025budget.intersectmbo.org/ballots/680d1b63565577986442d123/proposals/680d1b64565577986442d296
69e8b481b637aef81b4fadd7,Hardware Wallet Maintenance 2026,VacuumLabs ,5,Hardware Wallets Maintenance,Vacuumlabs,1.0,high,Vacuumlabs,,https://x.com/PetroMichal,vacuumlabs.com,Submission lead listed above,Company,424800.0,true,"Yes: count=124, voting_power=3,431,629,862,161,438; No: count=13, voting_power=119,451,578,644,187; Abstain: count=10, voting_power=204,161,398,793,093",https://2025budget.intersectmbo.org/ballots/680d1b63565577986442d123/proposals/680d1b64565577986442d2aa
69e8b481b637aef81b4fadd7,Hardware Wallet Maintenance 2026,VacuumLabs ,486,Ledger App Rewrite,Vacuumlabs,1.0,high,Vacuumlabs,,michal.petro@vacuumlabs.com,vacuumlabs.com,,Company,300000.0,true,"Yes: count=93, voting_power=2,829,281,672,890,799; No: count=26, voting_power=340,016,466,575,169; Abstain: count=12, voting_power=44,497,284,349,608",https://2025budget.intersectmbo.org/ballots/680d1b63565577986442d123/proposals/680d1b63565577986442d202
69ef7bedd699758cde5d4a66,Catalyze Africa: Building Scalable Projects from CATS 2026,Wada Global,557,A Global Product Vision Initiative; Cardano 2025-2030 - An African Perspective.,Wada Global Ltd,1.0,high,Wada Global Ltd,,X/Twitter: @wada_org,wada.org,Beneficiary listed above,Company,943416.0,false,"Yes: count=12, voting_power=441,968,001,024,079; No: count=103, voting_power=2,643,398,187,386,815; Abstain: count=14, voting_power=268,188,436,211,911",https://2025budget.intersectmbo.org/ballots/680d1b63565577986442d123/proposals/680d1b63565577986442d1c6
69fb54818a0de51b89857e11,zkFold Open Source Cardano Infrastructure 2026,zkFold,62,Extended Symbolic,zkFold SA,1.0,high,zkFold SA,,https://x.com/zkFold,zkfold.io,Beneficiary listed above,Company,404338.0,false,"Yes: count=30, voting_power=501,934,483,902,474; No: count=77, voting_power=1,336,970,320,681,133; Abstain: count=26, voting_power=1,454,400,730,101,402",https://2025budget.intersectmbo.org/ballots/680d1b63565577986442d123/proposals/680d1b64565577986442d284
69fb54818a0de51b89857e11,zkFold Open Source Cardano Infrastructure 2026,zkFold,424,Extended UPLC Converter,zkFold SA,1.0,high,zkFold SA,,https://x.com/zkFold,zkfold.io,Beneficiary listed above,Company,242639.0,false,"Yes: count=35, voting_power=598,345,645,963,451; No: count=60, voting_power=1,132,655,598,229,994; Abstain: count=27, voting_power=1,390,210,110,605,879",https://2025budget.intersectmbo.org/ballots/680d1b63565577986442d123/proposals/680d1b63565577986442d21c
69fb54818a0de51b89857e11,zkFold Open Source Cardano Infrastructure 2026,zkFold,558,zkFold ZK Rollup,zkFold SA,1.0,high,zkFold SA,,https://x.com/zkFold,zkfold.io,Beneficiary listed above,Company,1161000.0,true,"Yes: count=109, voting_power=3,202,723,722,088,992; No: count=24, voting_power=207,517,936,337,608; Abstain: count=9, voting_power=68,589,273,230,435",https://2025budget.intersectmbo.org/ballots/680d1b63565577986442d123/proposals/680d1b63565577986442d1c4
69fb54818a0de51b89857e11,zkFold Open Source Cardano Infrastructure 2026,zkFold,698,"Atlas PAB: Hydra and L2 Integration (Midgard, Midnight, ZkFold)","Atlas PAB: Hydra and L2 Integration (Midgard, Midnight, ZkFold)",0.92,high,Gyeld GmbH,,https://x.com/GeniusyieldO,https://atlas-app.io/,,Company,132353.0,false,"Yes: count=38, voting_power=681,608,716,705,030; No: count=63, voting_power=1,190,529,290,763,834; Abstain: count=23, voting_power=1,521,397,730,788,228",https://2025budget.intersectmbo.org/ballots/680d1b63565577986442d123/proposals/680d1b63565577986442d138
