onchain_proposal_id,onchain_title,onchain_status,onchain_total_withdrawal_ada,onchain_withdrawal_count,proposed_epoch,enacted_epoch,meta_url,tf1_overlap,tf1_project_ids,tf1_titles,tf1_statuses,tf1_total_contract_ada,amount_delta_ada,match_confidence,match_score,match_basis,counting_guidance
gov_action13tfag48nf94rtjcdq7c06vhkslmxxw9h6c88sl7q5g5nnewcsvlqwtnrdnx,"Withdraw ₳1,161,000 for zkFold ZK Rollup administered by Intersect",enacted,1161000.0,1,570,576,ipfs://bafkreigjofgwm4qtwn7r3e6nczaxo7jp4fmhzphozrpcuvnx5k2khlbtty,yes,EC-0009-25,zkFold ZK Rollup,active,1161000.0,0.0,high,1.0,EC-0009-25: title=1.00; direct_title=1.00; amount=1.00,TF1 overlap: use the on-chain row as the treasury action and TF1 rows for contract/milestone detail; do not add these amounts together.
gov_action13tfag48nf94rtjcdq7c06vhkslmxxw9h6c88sl7q5g5nnewcsvlqyxzxz7k,"Withdraw ₳1,300,000 for Blockfrost Platform community budget proposal",enacted,1300000.0,1,570,576,ipfs://bafkreidgiirfod3axto3xf3nducsao5w4rp6vqrijeh5m6mqgdxotaafbq,yes,UTXO-EC-0003-25,IOG - Blockfrost Platform Community Budget Proposal,paused,1300000.0,0.0,high,1.0,UTXO-EC-0003-25: title=1.00; direct_title=1.00; amount=1.00,TF1 overlap: use the on-chain row as the treasury action and TF1 rows for contract/milestone detail; do not add these amounts together.
gov_action13tfag48nf94rtjcdq7c06vhkslmxxw9h6c88sl7q5g5nnewcsvlzgf074ea,"Withdraw ₳104,347 for MLabs Research towards Tooling for Elliptical Curves...",enacted,104347.0,1,570,576,ipfs://bafkreig4bosl5dfpmtqguybf4yaffkwo5hcaxxy2k7wlbwdl57twojfk2i,yes,"EC-0022-25,EC-0015-25,ER-0005-25","MLabs- Core Tool Maintenance: Cardano.nix & Plutarch, Research towards Tooling for Elliptical Curves",paused,393042.0,-288695.0,high,0.95,"EC-0022-25,EC-0015-25,ER-0005-25: title=0.95; direct_title=0.95; amount=0.27",TF1 overlap: use the on-chain row as the treasury action and TF1 rows for contract/milestone detail; do not add these amounts together.
gov_action13tfag48nf94rtjcdq7c06vhkslmxxw9h6c88sl7q5g5nnewcsvlp5u7pqqr,"Withdraw ₳12,000,000 for Cardano Builder DAO administered by Intersect",enacted,12000000.0,1,570,577,ipfs://bafkreidlb2fusg7asmfcnugcrzmfkhk6sb32b4st5ieji2q3oxmbhm6sma,yes,EMI-0004-25,Rainfire DAO - Cardano Builder DAO ,withdrawn,12000000.0,0.0,high,1.0,EMI-0004-25: title=1.00; direct_title=1.00; amount=1.00,TF1 overlap: use the on-chain row as the treasury action and TF1 rows for contract/milestone detail; do not add these amounts together.
gov_action13tfag48nf94rtjcdq7c06vhkslmxxw9h6c88sl7q5g5nnewcsvlqvckzwqt,"Withdraw ₳130,903 for Lucid Evolution Maintenance administered by Intersect",enacted,130903.0,1,570,576,ipfs://bafkreigfhg7nn4pshyogcokcuo7ohpjpw6gaatnm74hum5vungrqwvpxs4,yes,EC-0008-25,Midgard Labs - Lucid Evolution Maintenance,paused,130903.0,0.0,high,1.0,EC-0008-25: title=1.00; direct_title=1.00; amount=1.00,TF1 overlap: use the on-chain row as the treasury action and TF1 rows for contract/milestone detail; do not add these amounts together.
gov_action13tfag48nf94rtjcdq7c06vhkslmxxw9h6c88sl7q5g5nnewcsvlp2tyw3h6,"Withdraw ₳15,750,000 for a MBO for the Cardano ecosystem: Intersect",enacted,15750000.0,1,570,576,ipfs://bafkreidy6xsjjpdccodhiurbdcvtcf5tqzkyfgx3ruuhso2ijjuovycuny,yes,EG-0002-25,Intersect MBO - A member-based organization for the Cardano ecosystem,paused,15750000.0,0.0,high,1.0,EG-0002-25: title=1.00; direct_title=0.54; amount=1.00,TF1 overlap: use the on-chain row as the treasury action and TF1 rows for contract/milestone detail; do not add these amounts together.
gov_action13tfag48nf94rtjcdq7c06vhkslmxxw9h6c88sl7q5g5nnewcsvlzzy7m65d,"Withdraw ₳199,911 for OpShin - Python Smart Contracts for Cardano",enacted,199911.0,1,570,576,ipfs://bafkreialtiknfumaxc23xjqxs2r4g5qjca3tikopmottieu5iq2sr77b3i,yes,ER-0002-25,OpShin - Python Smart Contracts for Cardano,paused,199911.0,0.0,high,1.0,ER-0002-25: title=1.00; direct_title=1.00; amount=1.00,TF1 overlap: use the on-chain row as the treasury action and TF1 rows for contract/milestone detail; do not add these amounts together.
gov_action13tfag48nf94rtjcdq7c06vhkslmxxw9h6c88sl7q5g5nnewcsvlqqfgyy3v,"Withdraw ₳2,162,096 for Midgard - Optimistic Rollups administered by Intersect",enacted,2162096.0,1,570,575,ipfs://bafkreidjnukg5c7u5zlkxaciy4hkxfixvtquhx6uzlqpydvrxormfqpdm4,yes,EC-0001-25,Midgard - Optimistic Rollups,paused,2162096.0,0.0,high,1.0,EC-0001-25: title=1.00; direct_title=1.00; amount=1.00,TF1 overlap: use the on-chain row as the treasury action and TF1 rows for contract/milestone detail; do not add these amounts together.
gov_action13tfag48nf94rtjcdq7c06vhkslmxxw9h6c88sl7q5g5nnewcsvlpgcp0jyh,"Withdraw ₳212,000 for AdaStat.net Cardano blockchain explorer",enacted,212000.0,1,570,576,ipfs://bafkreigivcba5jtrmzvr4ilvokyyzbryry63cz6ctow7tjmmkjxpvgfbsq,yes,EG-0001-25-02; EG-0001-25,AdaStat.net Cardano blockchain explorer (2 of 2); AdaStat.net Cardano blockchain explorer (1 of 2),active; active,212000.0,0.0,high,1.0,EG-0001-25-02: title=1.00; direct_title=1.00; amount=0.28; EG-0001-25: title=1.00; direct_title=1.00; amount=0.72,TF1 overlap: use the on-chain row as the treasury action and TF1 rows for contract/milestone detail; do not add these amounts together.
gov_action13tfag48nf94rtjcdq7c06vhkslmxxw9h6c88sl7q5g5nnewcsvlqsufvuyl,"Withdraw ₳220,914 for Dolos: Sustaining a Lightweight Cardano Data Node",enacted,220914.0,1,570,576,ipfs://bafkreihqhuiuwdjyukw4ul5obxz656ndyz5najokjhdw7mbdscskyaalfu,yes,"EC-0006-25,EC-0007-25,EC-0010-25","TxPipe - Pallas, UTxO RPC, Dolos",paused,662742.0,-441828.0,high,0.95,"EC-0006-25,EC-0007-25,EC-0010-25: title=0.95; direct_title=0.95; amount=0.33",TF1 overlap: use the on-chain row as the treasury action and TF1 rows for contract/milestone detail; do not add these amounts together.
gov_action13tfag48nf94rtjcdq7c06vhkslmxxw9h6c88sl7q5g5nnewcsvlqghuqg03,"Withdraw ₳220,914 for Pallas: Sustaining Critical Rust Tooling for Cardano",enacted,220914.0,1,570,576,ipfs://bafkreigm5xreg7ezyedhowwecyy2qnue3bfhbw5dex5odmvunddeg5jsem,yes,"EC-0006-25,EC-0007-25,EC-0010-25","TxPipe - Pallas, UTxO RPC, Dolos",paused,662742.0,-441828.0,high,0.95,"EC-0006-25,EC-0007-25,EC-0010-25: title=0.95; direct_title=0.95; amount=0.33",TF1 overlap: use the on-chain row as the treasury action and TF1 rows for contract/milestone detail; do not add these amounts together.
gov_action13tfag48nf94rtjcdq7c06vhkslmxxw9h6c88sl7q5g5nnewcsvlq2yeptuu,"Withdraw ₳220,914 for UTxO RPC: Sustaining Cardano Blockchain Integration",enacted,220914.0,1,570,576,ipfs://bafkreibcranrq3y5eh7pcjuvq2tcmlapfw2pc7x3nazwp5lonx6docoayu,yes,"EC-0006-25,EC-0007-25,EC-0010-25","TxPipe - Pallas, UTxO RPC, Dolos",paused,662742.0,-441828.0,high,0.95,"EC-0006-25,EC-0007-25,EC-0010-25: title=0.95; direct_title=0.95; amount=0.33",TF1 overlap: use the on-chain row as the treasury action and TF1 rows for contract/milestone detail; do not add these amounts together.
gov_action13tfag48nf94rtjcdq7c06vhkslmxxw9h6c88sl7q5g5nnewcsvlzqhm6e8q,"Withdraw ₳26,840,000 for Input Output Research (IOR): Cardano Vision - Wor...",enacted,26840000.0,1,570,576,ipfs://bafkreigq3zbxymon7of3x4jtn7zrzjk2merntcd54yhvmgsjsduq6h3zwa,yes,UTXO-ER-0001-25,IOR - Cardano Vision Work Program 2025,withdrawn,26840000.0,0.0,high,0.9575,UTXO-ER-0001-25: title=0.95; direct_title=0.47; amount=1.00,TF1 overlap: use the on-chain row as the treasury action and TF1 rows for contract/milestone detail; do not add these amounts together.
gov_action13tfag48nf94rtjcdq7c06vhkslmxxw9h6c88sl7q5g5nnewcsvlpyflfc4s,"Withdraw ₳266,667 for Cexplorer.io -- Developer-Focused Blockchain Explorer...",enacted,266667.0,1,570,576,ipfs://bafkreicrrim5wicmsnrjpw7gp52jmebn7a2ly6j4eopjkvdsol6adyboqu,yes,EC-0021-25,Vellum Labs: Developer-Focused Blockchain Explorer for Cardano,withdrawn,266667.0,0.0,medium,0.8583333333333334,EC-0021-25: title=0.83; direct_title=0.83; amount=1.00,TF1 overlap: use the on-chain row as the treasury action and TF1 rows for contract/milestone detail; do not add these amounts together.
gov_action13tfag48nf94rtjcdq7c06vhkslmxxw9h6c88sl7q5g5nnewcsvlpcdq823y,"Withdraw ₳3,126,000 for Ecosystem Exchange Listing and Market Making service...",enacted,3126000.0,1,570,578,ipfs://bafkreidb56gwlzeuzav2xfubcbqa7txllbl2byiadnlxjdr2dgaqgb7z4m,yes,EMI-0006a-25&EMI-0006b-25,Flowdesk - Market Making as a service & Ecosystem Exchange Listing,paused,3126000.0,0.0,high,1.0,EMI-0006a-25&EMI-0006b-25: title=1.00; direct_title=1.00; amount=1.00,TF1 overlap: use the on-chain row as the treasury action and TF1 rows for contract/milestone detail; do not add these amounts together.
gov_action13tfag48nf94rtjcdq7c06vhkslmxxw9h6c88sl7q5g5nnewcsvlqj0vdlhj,"Withdraw ₳300,000 for Ledger App Rewrite administered by Intersect",enacted,300000.0,1,570,576,ipfs://bafkreibwg74hpx5vyyixzggxdkunrqy6kdkx2mpp57r6fknkqe7z263omm,yes,EC-0011-25 EC-0005-25,VacuumLabs - Hardware Wallets Maintenance & Ledger App Rewrite,paused,724800.0,-424800.0,high,0.95,EC-0011-25 EC-0005-25: title=0.95; direct_title=0.95; amount=0.41,TF1 overlap: use the on-chain row as the treasury action and TF1 rows for contract/milestone detail; do not add these amounts together.
gov_action13tfag48nf94rtjcdq7c06vhkslmxxw9h6c88sl7q5g5nnewcsvlzyc3clg6,"Withdraw ₳314,800 for PyCardano administered by Intersect",enacted,314800.0,1,570,576,ipfs://bafkreigrw7v6q2wcnbgjd22ev6eepitgaegtkkmhzwmsccfxmejkc3okbm,yes,ER-0003-25,"PyCardano - FAIR IO, LLC",active,314800.0,0.0,high,0.9575,ER-0003-25: title=0.95; direct_title=0.95; amount=1.00,TF1 overlap: use the on-chain row as the treasury action and TF1 rows for contract/milestone detail; do not add these amounts together.
gov_action13tfag48nf94rtjcdq7c06vhkslmxxw9h6c88sl7q5g5nnewcsvlp730y0dn,"Withdraw ₳4,000,000 for Expanding Stablecoin / Cardano Native Asset Support...",enacted,4000000.0,1,570,576,ipfs://bafkreihki45xehzrcyk6e7onyjc3u4mjg3vbd72oi5wfg2h6blemtr65yq,yes,EMI-0009-25,Anzens - Expanding Stablecoin / Cardano Native Asset Support / Fiat Ramps,paused,4000000.0,0.0,high,1.0,EMI-0009-25: title=1.00; direct_title=0.95; amount=1.00,TF1 overlap: use the on-chain row as the treasury action and TF1 rows for contract/milestone detail; do not add these amounts together.
gov_action13tfag48nf94rtjcdq7c06vhkslmxxw9h6c88sl7q5g5nnewcsvlqx488pdm,"Withdraw ₳424,800 for Hardware Wallets Maintenance administered by Intersect",enacted,424800.0,1,570,576,ipfs://bafkreicmz5a6ylplflowjdj7vjzp6glt45k2r6mnhwlmzq7kjkl3fvuzeu,yes,EC-0011-25 EC-0005-25,VacuumLabs - Hardware Wallets Maintenance & Ledger App Rewrite,paused,724800.0,-300000.0,high,0.95,EC-0011-25 EC-0005-25: title=0.95; direct_title=0.95; amount=0.59,TF1 overlap: use the on-chain row as the treasury action and TF1 rows for contract/milestone detail; do not add these amounts together.
gov_action13tfag48nf94rtjcdq7c06vhkslmxxw9h6c88sl7q5g5nnewcsvlqkqx0ecg,"Withdraw ₳5,885,000 for OSC Budget Proposal - Paid Open Source Model...",enacted,5885000.0,1,570,576,ipfs://bafkreiedjhlwerulq5qg5tku2qqremf2cf2dguxvktttnjddei3fxct37a,yes,"EC-0013(1,2,7)-25","OSC - Maintainer Retainer, Tooling Sustainability, Security Incident Management Programs",paused,3975000.0,1910000.0,high,0.95,"EC-0013(1,2,7)-25: title=0.95; direct_title=0.41; amount=0.68",TF1 overlap: use the on-chain row as the treasury action and TF1 rows for contract/milestone detail; do not add these amounts together.
gov_action13tfag48nf94rtjcdq7c06vhkslmxxw9h6c88sl7q5g5nnewcsvlqczags6z,"Withdraw ₳578,571 for Gerolamo - Cardano node in typescript",enacted,578571.0,1,570,576,ipfs://bafkreig7hi75t33nvu5t6y4hqf26thdpwvwvqcuzo3o3ehccslrwtf6bwe,yes,EC-0014-25,Harmonic Laboratories: Gerolamo - Cardano Node in typescript,paused,578571.0,0.0,high,0.9575,EC-0014-25: title=0.95; direct_title=0.95; amount=1.00,TF1 overlap: use the on-chain row as the treasury action and TF1 rows for contract/milestone detail; do not add these amounts together.
gov_action13tfag48nf94rtjcdq7c06vhkslmxxw9h6c88sl7q5g5nnewcsvlpqx4t762,"Withdraw ₳583,000 for Eternl Maintenance administered by Intersect",enacted,583000.0,1,570,576,ipfs://bafkreiechnwimuhwdwovwscljcsypzjlidrmktcbcssoovbgwgxkm4g4d4,yes,EC-0018-25,Tastenkunst GmbH - Eternl Maintenance,paused,583000.0,0.0,high,1.0,EC-0018-25: title=1.00; direct_title=1.00; amount=1.00,TF1 overlap: use the on-chain row as the treasury action and TF1 rows for contract/milestone detail; do not add these amounts together.
gov_action13tfag48nf94rtjcdq7c06vhkslmxxw9h6c88sl7q5g5nnewcsvlpvhtd5td,"Withdraw ₳592,780 for Beyond Minimum Viable Governance: Iteratively Improvin....",enacted,592780.0,1,570,578,ipfs://bafkreigltrp3abb6s667vrtnyspriii2j4wg25cieulbn26s3v36d4qsay,yes,UTXO-EG-0003-25,IOG - Beyond Minimum Viable Governance,active,592780.0,0.0,high,0.9575,UTXO-EG-0003-25: title=0.95; direct_title=0.95; amount=1.00,TF1 overlap: use the on-chain row as the treasury action and TF1 rows for contract/milestone detail; do not add these amounts together.
gov_action13tfag48nf94rtjcdq7c06vhkslmxxw9h6c88sl7q5g5nnewcsvlpsn5rx0e,"Withdraw ₳6,000,000 for Cardano Summit 2025 and regional tech events",enacted,6000000.0,1,570,576,ipfs://bafkreidcvqu57gic4bigicuk6ssiykrkrfzi7c3jlwgiyxuskggqnyvcim,yes,EMI-0002-25,Cardano Foundation - Cardano Summit 2025 and regional tech events,withdrawn,6000000.0,0.0,high,1.0,EMI-0002-25: title=1.00; direct_title=1.00; amount=1.00,TF1 overlap: use the on-chain row as the treasury action and TF1 rows for contract/milestone detail; do not add these amounts together.
gov_action13tfag48nf94rtjcdq7c06vhkslmxxw9h6c88sl7q5g5nnewcsvlpjq3z9u5,"Withdraw ₳6,000,000 for Unveiling the First Unified Global Events Marketing S...",enacted,6000000.0,1,570,577,ipfs://bafkreihhdmx6eumwipv4zlhlrbbkz6uj52y6xpzpjgwfnkzzzamtqgmq4u,yes,EMI-0003-25,Cardano Foundation - Unveiling the First Unified Global Events Marketing Strategy for Cardano,withdrawn,6000000.0,0.0,high,1.0,EMI-0003-25: title=1.00; direct_title=0.95; amount=1.00,TF1 overlap: use the on-chain row as the treasury action and TF1 rows for contract/milestone detail; do not add these amounts together.
gov_action13tfag48nf94rtjcdq7c06vhkslmxxw9h6c88sl7q5g5nnewcsvlq5nrw6t9,"Withdraw ₳600,000 for Complete Web3 developer stack to make Cardano the smart...",enacted,600000.0,1,570,576,ipfs://bafkreicc2dbqlrkqhahasq2qqho3lry2axt4adrfnamro43m56v5sib7hi,yes,EC-0012-25,GO MAESTRO INC - Complete Web3 developer stack,withdrawn,600000.0,0.0,high,0.9575,EC-0012-25: title=0.95; direct_title=0.95; amount=1.00,TF1 overlap: use the on-chain row as the treasury action and TF1 rows for contract/milestone detail; do not add these amounts together.
gov_action13tfag48nf94rtjcdq7c06vhkslmxxw9h6c88sl7q5g5nnewcsvlpx66gmxa,"Withdraw ₳605,000 for A free Native Asset CDN for Cardano Developers",enacted,605000.0,1,570,578,ipfs://bafkreihd2hqcfvssop4aqxxqoch63ds6mkpapsfm7j7onyvemzayiby4ua,yes,EC-0023-25,NFTCDN - A free Native Asset CDN for Cardano Developers,active,605000.0,0.0,high,1.0,EC-0023-25: title=1.00; direct_title=1.00; amount=1.00,TF1 overlap: use the on-chain row as the treasury action and TF1 rows for contract/milestone detail; do not add these amounts together.
gov_action13tfag48nf94rtjcdq7c06vhkslmxxw9h6c88sl7q5g5nnewcsvlpz4s2af8,"Withdraw ₳657,692 for Scalus - DApps Development Platform",enacted,657692.0,1,570,576,ipfs://bafkreiceukwtpmes66twb3axkdmftpg3p5vyfolgcyhkentlbuilc274fq,yes,EC-0020-25,Lantr - Scalus: DApps Development Platform,active,657692.0,0.0,high,1.0,EC-0020-25: title=1.00; direct_title=1.00; amount=1.00,TF1 overlap: use the on-chain row as the treasury action and TF1 rows for contract/milestone detail; do not add these amounts together.
gov_action13tfag48nf94rtjcdq7c06vhkslmxxw9h6c88sl7q5g5nnewcsvlpwywvhcq,"Withdraw ₳69,459,000 for Catalyst 2025 Proposal by Input Output: Advancing De...",enacted,69459000.0,1,570,575,ipfs://bafkreid2pq5icpp77nfvdvnb5ipy3fqs77tpnls4ngxy6semzkdq7d2z7y,yes,UTXO-EMI-0001-25; EMI-0001a-25,IOG - Advancing Decentralised Community Innovation Funding & Infrastructure; Catalyst FC - Catalyst 2025 Proposal,paused; paused,69459000.0,0.0,high,0.95,UTXO-EMI-0001-25: title=0.95; direct_title=0.24; amount=0.07; EMI-0001a-25: title=0.95; direct_title=0.95; amount=0.92,TF1 overlap: use the on-chain row as the treasury action and TF1 rows for contract/milestone detail; do not add these amounts together.
gov_action13tfag48nf94rtjcdq7c06vhkslmxxw9h6c88sl7q5g5nnewcsvlq77jt4x4,"Withdraw ₳700,000 for ZK Bridge administered by Intersect",enacted,700000.0,1,570,576,ipfs://bafkreians5wdbxjgttbajinzfrhdxd7q7mzpfahsyyjntcq4xekts4qasu,yes,EC-0017-25,Cooperativa de Trabajo Eryx - ZK Bridge,active,700000.0,0.0,high,1.0,EC-0017-25: title=1.00; direct_title=1.00; amount=1.00,TF1 overlap: use the on-chain row as the treasury action and TF1 rows for contract/milestone detail; do not add these amounts together.
gov_action13tfag48nf94rtjcdq7c06vhkslmxxw9h6c88sl7q5g5nnewcsvlzxt5eumh,"Withdraw ₳750,000 for Cardano Product Committee: Community-driven 2030 Carda...",enacted,750000.0,1,570,578,ipfs://bafkreicjt5d4y7phbqwyhfkmtz75u2nck3is5cuywkcisnmtsuibdrm3li,yes,ER-0004b-25,Product Research (1of2),withdrawn,80000.0,670000.0,high,0.95,ER-0004b-25: title=0.95; direct_title=0.52; amount=0.11,TF1 overlap: use the on-chain row as the treasury action and TF1 rows for contract/milestone detail; do not add these amounts together.
gov_action13tfag48nf94rtjcdq7c06vhkslmxxw9h6c88sl7q5g5nnewcsvlp679xfzf,"Withdraw ₳889,500 for Cardano Ecosystem Pavilions at Exhibitions",enacted,889500.0,1,570,578,ipfs://bafkreicewinu7ogkkxho7ubwpi6q4iy2xqs2pv4lhvueyz6qe3rkc2icru,yes,EMI-0007-25,Supplyoneers FZ-LLC - Cardano Ecosystem Pavilions at Exhibitions,mixed,889500.0,0.0,high,1.0,EMI-0007-25: title=1.00; direct_title=1.00; amount=1.00,TF1 overlap: use the on-chain row as the treasury action and TF1 rows for contract/milestone detail; do not add these amounts together.
gov_action13tfag48nf94rtjcdq7c06vhkslmxxw9h6c88sl7q5g5nnewcsvlqz6d98zp,"Withdraw ₳96,817,080 for 2025 Input Output Engineering Core Development Proposal",enacted,96817080.0,1,570,575,ipfs://bafkreigt5xy56qjxd7dl2s7u6jxec2cfxevynppvgnnjifc2wawr7md5ha,yes,UTXO-EC-0002-25-06; UTXO-EC-0002-25-05; UTXO-EC-0002-25-04; UTXO-EC-0002-25-03; UTXO-EC-0002-25-02; UTXO-EC-0002-25-01,Input Output Engineering Core Development Proposal (6of6); Input Output Engineering Core Development Proposal (5of6); Input Output Engineering Core Development Proposal (4of6); Input Output Engineering Core Development Proposal (3of6); Input Output Engineering Core Development Proposal (2of6); Input Output Engineering Core Development Proposal (1of6),paused; paused; paused; paused; paused; paused,84585391.0,12231689.0,high,1.0,UTXO-EC-0002-25-06: title=1.00; direct_title=1.00; amount=0.35; UTXO-EC-0002-25-05: title=1.00; direct_title=1.00; amount=0.12; UTXO-EC-0002-25-04: title=1.00; direct_title=1.00; amount=0.05; UTXO-EC-0002-25-03: title=1.00; direct_title=1.00; amount=0.04; UTXO-EC-0002-25-02: title=1.00; direct_title=1.00; amount=0.07; UTXO-EC-0002-25-01: title=1.00; direct_title=1.00; amount=0.25,TF1 overlap: use the on-chain row as the treasury action and TF1 rows for contract/milestone detail; do not add these amounts together.
gov_action193leqzml768nz7nmpepzx822a5mzyanqhtewaxjtul5gp6uhwvfsqgl2qg0,"Withdraw ₳99,600 for BloxBean Java Tools Maintenance and Enhancement",enacted,99600.0,1,570,576,ipfs://bafkreibelpp2qzjcpeizeobf57tmhl4q6kauutytdve3mqzzjxzp2jqjxm,yes,EC-0019-25,BloxBean Java Tools Maintenance and Enhancement,active,99600.0,0.0,high,1.0,EC-0019-25: title=1.00; direct_title=1.00; amount=1.00,TF1 overlap: use the on-chain row as the treasury action and TF1 rows for contract/milestone detail; do not add these amounts together.
gov_action1r44w54hx553mz0sr4cc07f8tlxzj2sa57l2pt3l9pa2ldw42fc7sq5q3rtn,Withdraw ₳5M for Cardano's Global Listing Expansion - Powered by Snek,expired,5000000.0,1,573,,https://raw.githubusercontent.com/snekadmin/Public/refs/heads/main/data_final.jsonld,yes,EMI-0010-25,Snek Foundation - ₳5M Loan for Cardano's Global Listing Expansion ,withdrawn,5000000.0,0.0,high,0.9575,EMI-0010-25: title=0.95; direct_title=0.95; amount=1.00,TF1 overlap: use the on-chain row as the treasury action and TF1 rows for contract/milestone detail; do not add these amounts together.
gov_action19avrmrhm0gqa4qwlgvh4vxj6nwe02ay42h828cva2zt6n0asddfqqtgph5d,[OriLife × TonFarm] Identifying 180 Million Durians Without Physical Labels,active,2400000.0,1,628,,https://most-brass-sun.quicknode-ipfs.com/ipfs/QmSNGYbjMQfb8tMvPtqi5bdMeXsV5M27iFecFvddWmC8xL,no,,,,0,2400000.0,none,0.0,,No TF1 overlap found in this archive; treat as an independent on-chain treasury withdrawal candidate unless another source reconciles it.
gov_action1w0shrfxqwv95kk0v4cn34wylz25a2cmqkq5jpc0e2yrahhqava3qwt8k9fx,Blockfrost: Maintenance and Next Generation Indexing,active,7920000.0,1,626,,ipfs://QmSaGx6WutdwLgfsw34JyawNf1a7XuK1YchEerdKSp8EkT,no,,,,0,7920000.0,none,0.0,,No TF1 overlap found in this archive; treat as an independent on-chain treasury withdrawal candidate unless another source reconciles it.
gov_action18u8lpkzge2csxe3plynn9lh4agwtv3nrqkyfwalwj4ykjv7l68jqqzmul9z,Cardano at TOKEN2049 Singapore 2026: Baseline ‘Platinum' Sponsorship Proposal,active,3303750.0,1,628,,ipfs://bafkreibmdzs4o5samwbjct7j6ufjbvqfyqj7yudgrklnb2yi3yznle3yae,no,,,,0,3303750.0,none,0.0,,No TF1 overlap found in this archive; treat as an independent on-chain treasury withdrawal candidate unless another source reconciles it.
gov_action1kj6ghzuz9wcq88f3y72cyyeekdcemlq0dqk4zpjd4eck5assuypqq0pckkw,Cardano at TOKEN2049 Singapore 2026: Top-Up ‘Title’ Sponsorship Upgrade,active,1768167.0,1,628,,ipfs://bafkreifl24qjwnj4qa2vqaun3wfwg7z4lzcgg3okdpdbqoa4oiouwfwdsi,no,,,,0,1768167.0,none,0.0,,No TF1 overlap found in this archive; treat as an independent on-chain treasury withdrawal candidate unless another source reconciles it.
gov_action1pv7g8d0x9f3kqw2gcfrmgl8aqy38jat05wx0wwcvdsvuuclss6xqqhpzemv,Cardano dOSPO and OMF Program,active,12000000.0,1,630,,ipfs://QmP76MXJwp19ZAcX8soUPyh5jcvMoK1DoLbxAJT9LLRhDK,no,,,,0,12000000.0,none,0.0,,No TF1 overlap found in this archive; treat as an independent on-chain treasury withdrawal candidate unless another source reconciles it.
gov_action1ttgs45ulfxs0jwkfrecystc3flduhszmyzk8wnd7yw5za77tsg9qq4afmus,"Cardano Vision 2026: Human Centred, Scalable, Post Quantum Secure - IO Research",active,32916000.0,1,629,,ipfs://Qmd1pXncVGaAwaZEBcDQqyj9jLjixk2mRpBwpuf24occP9,no,,,,0,32916000.0,none,0.0,,No TF1 overlap found in this archive; treat as an independent on-chain treasury withdrawal candidate unless another source reconciles it.
gov_action1ngpqafax5rvp8lcgey4asvqtycrh4e56fwp8cn2r9trx2ysryhtsqdm3w3z,Eternl: Path to Sustainability (2026-2027),active,1680000.0,1,631,,ipfs://QmWmEKFTae7Q12HUeVyMui6ReCuTXRx55W6eahBGn9ECgn,no,,,,0,1680000.0,none,0.0,,No TF1 overlap found in this archive; treat as an independent on-chain treasury withdrawal candidate unless another source reconciles it.
gov_action1w0shrfxqwv95kk0v4cn34wylz25a2cmqkq5jpc0e2yrahhqava3qx4njfhm,IO & Ensurable Systems: Cardano Maintenance Initiative,active,62134630.0,1,626,,ipfs://QmZMFAZvCxW6HpRC1EKzNcensJv9N89yzKPn7uRTTJdTpx,no,,,,0,62134630.0,none,0.0,,No TF1 overlap found in this archive; treat as an independent on-chain treasury withdrawal candidate unless another source reconciles it.
gov_action1w0shrfxqwv95kk0v4cn34wylz25a2cmqkq5jpc0e2yrahhqava3qghg4q43,IO & Midgard Labs: L2 Scalability Initiative,active,10425871.0,1,626,,ipfs://Qmf3GSWna8PQFF2Vi5Css4R5pvGfaVUZ1zhCfHw9LqGKNV,no,,,,0,10425871.0,none,0.0,,No TF1 overlap found in this archive; treat as an independent on-chain treasury withdrawal candidate unless another source reconciles it.
gov_action1w0shrfxqwv95kk0v4cn34wylz25a2cmqkq5jpc0e2yrahhqava3qvczhx6t,"IO & VacuumLabs: Enhancing Plutus - Performance, Correctness, and Usability",active,11877575.0,1,626,,ipfs://QmPkZ6Azo1tJfWVRjwn8G1Qk7k1SC3Vk3L21WFPSracCzg,no,,,,0,11877575.0,none,0.0,,No TF1 overlap found in this archive; treat as an independent on-chain treasury withdrawal candidate unless another source reconciles it.
gov_action1w0shrfxqwv95kk0v4cn34wylz25a2cmqkq5jpc0e2yrahhqava3q2yd5rxu,IO: Cardano High Assurance Technical Collaboration,active,13078578.0,1,626,,ipfs://QmfM3VRtGvpmxTDYrgGJoPSLW41SiNyeazfjusg98jrATS,no,,,,0,13078578.0,none,0.0,,No TF1 overlap found in this archive; treat as an independent on-chain treasury withdrawal candidate unless another source reconciles it.
gov_action1w0shrfxqwv95kk0v4cn34wylz25a2cmqkq5jpc0e2yrahhqava3qz6es0cp,IO: Cardano Upgrades,active,13103039.0,1,626,,ipfs://QmeNzwKE9bMyr65E4Dxtvoji7WBbazXUVykqQWq1pHXZvQ,no,,,,0,13103039.0,none,0.0,,No TF1 overlap found in this archive; treat as an independent on-chain treasury withdrawal candidate unless another source reconciles it.
gov_action1w0shrfxqwv95kk0v4cn34wylz25a2cmqkq5jpc0e2yrahhqava3qyxkn2yk,IO: Consensus Initiative,active,27714342.0,1,626,,ipfs://QmNqVt8X1EX9iJJXGaEeiZ5nbePL91NkZcoVedpn6gfKWA,no,,,,0,27714342.0,none,0.0,,No TF1 overlap found in this archive; treat as an independent on-chain treasury withdrawal candidate unless another source reconciles it.
gov_action1w0shrfxqwv95kk0v4cn34wylz25a2cmqkq5jpc0e2yrahhqava3qqfu3vtv,IO: Developer Experience Initiative,active,3601926.0,1,626,,ipfs://QmUnSimkwuaXX357ugYxDkiUMzsKTYgcWvV74xWbiXUt3Y,no,,,,0,3601926.0,none,0.0,,No TF1 overlap found in this archive; treat as an independent on-chain treasury withdrawal candidate unless another source reconciles it.
gov_action1ggr2uz7prwn5l84cdn2krwngfez0p7wluy4u3u3ez9pz5ls2whesqnsjly8,Pebble & Ecosystem maintenance: TypeScript core of Cardano,active,4600000.0,1,629,,ipfs://QmYJynuvpv1mY7yWDL763LcscHrFSCAW9d8SvCDf4BRdHK,no,,,,0,4600000.0,none,0.0,,No TF1 overlap found in this archive; treat as an independent on-chain treasury withdrawal candidate unless another source reconciles it.
gov_action1w0shrfxqwv95kk0v4cn34wylz25a2cmqkq5jpc0e2yrahhqava3qsuae57l,Pogun: Capital Without Compromise,active,12290000.0,1,626,,ipfs://QmVdGh1cXgsMXGRS7mzxurxtkaqhU7VJMjx4piNSSHrBs2,no,,,,0,12290000.0,none,0.0,,No TF1 overlap found in this archive; treat as an independent on-chain treasury withdrawal candidate unless another source reconciles it.
gov_action10dp9wzmgt2nqshyrghufff4sfhcxedhmzluly5k0azguatnsthwqqs84cjf,Revised Cardano Summit 2026 Singapore,active,7800000.0,1,627,,ipfs://QmQeNSMNUDWy75tgjPLqqUXDN7YvkVH6GS8iHx6P8adCAy,no,,,,0,7800000.0,none,0.0,,No TF1 overlap found in this archive; treat as an independent on-chain treasury withdrawal candidate unless another source reconciles it.
gov_action1uzgqlh049u0j7epel29r425vyf9ttxmqwngw9kemyly0q6cwt5esqpwp09a,"Scalus: Cardano’s Application Platform for Building, Launching, and Scaling",active,8503000.0,1,630,,ipfs://QmPuukXDGrY4VjeprLZhovQfWCY5RDyXjQAPUKhRFNPiDT,no,,,,0,8503000.0,none,0.0,,No TF1 overlap found in this archive; treat as an independent on-chain treasury withdrawal candidate unless another source reconciles it.
gov_action1guz68e8zkwphcdc8wnp40cclkv92qgnel7xnffmsmp2ljp09qtwqq596k4c,The first node in the browser; a Cardano USP,active,4600000.0,1,629,,ipfs://QmbQPrRhUUtvqNitu9mgC8esM3kXmR5iHGhEkLX1UZaLDy,no,,,,0,4600000.0,none,0.0,,No TF1 overlap found in this archive; treat as an independent on-chain treasury withdrawal candidate unless another source reconciles it.
gov_action14u26vcn3wmcnhc5pqrt6494ypugr7c7f3e2ns60r32cntl6zjtxsqqgeu8p,Tweag Core Cardano Infrastructure: Treasury Withdrawal 2026–2028,active,39787316.0,1,628,,ipfs://bafkreifdoitcxw4anxadosoqi5y5ny647hym4u62gpyvkkuyg7wpnq6gbi,no,,,,0,39787316.0,none,0.0,,No TF1 overlap found in this archive; treat as an independent on-chain treasury withdrawal candidate unless another source reconciles it.
gov_action1vrkk4dpuss8l3z9g4uc2rmf8ks0f7j534zvz9v4k85dlc54wa3zsqq68rx0,Amaru Treasury Withdrawal 2025,enacted,1500000.0,5,566,571,ipfs://bafkreifw3qs7brjn4tdvyprnh2r343oerbdghasp5ws6ro55frbpll3dta,no,,,,0,1500000.0,none,0.0,,No TF1 overlap found in this archive; treat as an independent on-chain treasury withdrawal candidate unless another source reconciles it.
gov_action19uhuy5uame2s60yrh6n8cyds8ps5q7tkh05dqlzmpcfy429p9w4qq5ll3g0,Amaru Treasury Withdrawal 2026,enacted,10142000.0,5,614,621,ipfs://bafkreicshobgfe6o6siinj6ym4yxpz4dyyf3dqfex3w42htfvhpdn6msfu,no,,,,0,10142000.0,none,0.0,,No TF1 overlap found in this archive; treat as an independent on-chain treasury withdrawal candidate unless another source reconciles it.
gov_action1uhzd06a26qavzflvrx3gvcz6rzxkl6su2ns8t3seef5e8dl6nlgsqcgtufg,Cardano Defi Liquidity Budget - Withdrawal 1,enacted,800000.0,1,617,625,https://raw.githubusercontent.com/theeldermillenial/2025-liquidity-budget/f824da7f0c2dbab15e324d1736a967de87d34f7d/w1.jsonld,no,,,,0,800000.0,none,0.0,,No TF1 overlap found in this archive; treat as an independent on-chain treasury withdrawal candidate unless another source reconciles it.
gov_action13qr78nhrhetywapvx2wpm63y9uxpc2dc45zsu9gkncasxqhuhltqqqfu32x,Cardano x Draper Dragon: Orion Fund,enacted,50000000.0,1,618,624,ipfs://QmPXYnQ65EuKCVPrWfDqFZmiF8Y4PzxZ87XrGs6UaMkNru,no,,,,0,50000000.0,none,0.0,,No TF1 overlap found in this archive; treat as an independent on-chain treasury withdrawal candidate unless another source reconciles it.
gov_action17dfgtkeufcy945e3ssanqpmn09ft3gezhvepvvg7msmlmaz260dqqjtsmpe,Dingo: a Production-Grade Block Producer in Go by Blink Labs,enacted,6900000.0,1,617,625,ipfs://bafkreibeffgc4ow5rxbttesgqqe36copa5rejtsw6b4jruwow2p3wahxtq,no,,,,0,6900000.0,none,0.0,,No TF1 overlap found in this archive; treat as an independent on-chain treasury withdrawal candidate unless another source reconciles it.
gov_action1q0m8z7glm9cprucwf44hdjdfra8khnakpm3hu5ueh929hvljw4aqqzuxfxz,"Loan ₳5,000,000 to Expand Cardano's Global Listings",enacted,5000000.0,1,590,598,ipfs://bafkreidl43ghacdpczaims63glq5kepaa63d63cr5mrpznv56jdm7e2eny,no,,,,0,5000000.0,none,0.0,,No TF1 overlap found in this archive; treat as an independent on-chain treasury withdrawal candidate unless another source reconciles it.
gov_action13tfag48nf94rtjcdq7c06vhkslmxxw9h6c88sl7q5g5nnewcsvlqudh2k4c,"Withdraw ₳11,070,323 for TWEAG's Proposals for multiple core budget project...",enacted,11070323.0,1,570,576,ipfs://bafkreidlgy2mljdxjknsxzpy6im5xkgsw4ticvwqmgedecs53dzdqhgdlu,no,,,,0,11070323.0,none,0.0,,No TF1 overlap found in this archive; treat as an independent on-chain treasury withdrawal candidate unless another source reconciles it.
gov_action13tfag48nf94rtjcdq7c06vhkslmxxw9h6c88sl7q5g5nnewcsvlq63cfnf0,"Withdraw ₳243,478 for MLabs Core Tool Maintenance & Enhancement: Plutarch",enacted,243478.0,1,570,576,ipfs://bafkreienjc55atyjxfy7ij2mthoud6m2um5snifhjvurflfujf4s2sa3le,no,,,,0,243478.0,none,0.0,,No TF1 overlap found in this archive; treat as an independent on-chain treasury withdrawal candidate unless another source reconciles it.
gov_action18nefry4qacd80xzs2srjahxm2e4vz3c8wvrr03rrtk8mdqfuknysq66459t,"Withdraw ₳45,217 for MLabs Core Tool Maintenance & Enhancement: Cardano.nix",enacted,45217.0,1,570,576,ipfs://bafkreihj3ddbz7c52l2s3klalsf4ux5xqkawktom5v5apfral37hs6kpki,no,,,,0,45217.0,none,0.0,,No TF1 overlap found in this archive; treat as an independent on-chain treasury withdrawal candidate unless another source reconciles it.
gov_action1lqun78lcznfa2gek49m3ydslakfnm8heargfp8sax9fk54yl6ghsqp042zv,"Withdraw ₳70,000,000 for Cardano Critical Integrations Budget",enacted,70000000.0,1,599,606,ipfs://bafkreiecqskxkmakkrzrs2xs2olh5jcwbuz5qr5gesp6merwcaydcaojiq,no,,,,0,70000000.0,none,0.0,,No TF1 overlap found in this archive; treat as an independent on-chain treasury withdrawal candidate unless another source reconciles it.
gov_action1fvgw27fjpr9c7g582mszzyez0jgkqgjgatzdnyngrg8wwc9kcn3qqxtz8r7,Cardano DeFi Liquidity Budget - Withdrawal 1,expired,500000.0,1,607,,https://raw.githubusercontent.com/theeldermillenial/2025-liquidity-budget/refs/heads/master/withdrawal-1/data.jsonld,no,,,,0,500000.0,none,0.0,,No TF1 overlap found in this archive; treat as an independent on-chain treasury withdrawal candidate unless another source reconciles it.
gov_action1fl6r784t2ffw7q96du2znhprw90r3xvrfugvqelgqewgxex42kdqq9tgrd5,Cardano Global Listing Expansion - Powered by Snek,expired,5.0,1,573,,https://raw.githubusercontent.com/snekadmin/Public/refs/heads/main/data.jsonld,no,,,,0,5.0,none,0.0,,No TF1 overlap found in this archive; treat as an independent on-chain treasury withdrawal candidate unless another source reconciles it.
gov_action1hkgl5l4fknsf7aktmcatkz6kfl7xpvn7rzh5vnxwexl0n3cc6zrsqt5459v,Cardano Summit 2026 and TOKEN2049 Singapore,expired,14076539.0,1,623,,ipfs://QmPZ6yDL62ms5ZGQfrPUXEDANrY9e2qrrzWVXRzbhJennk,no,,,,0,14076539.0,none,0.0,,No TF1 overlap found in this archive; treat as an independent on-chain treasury withdrawal candidate unless another source reconciles it.
gov_action1ky2j077de82par6f0hny5q56rpnn5hh0csfhrpzeq3hsk7s6vetqquz3scv,Pebble + Gerolamo - HLabs 2026 Budget,expired,8035714.0,1,621,,ipfs://QmNuDfoojLyBNqk7qEXjd4UvZUKRX5aALjRUydrrr1pxWb,no,,,,0,8035714.0,none,0.0,,No TF1 overlap found in this archive; treat as an independent on-chain treasury withdrawal candidate unless another source reconciles it.
gov_action16tdkp3fs0j6303e4utgp8rftdug0ckezr4sslgv8wxdaeq40ngpsq5sr06h,"Withdraw ₳1,150,000 for GovTool 12 months active maintenance and development",expired,1150000.0,1,584,,ipfs://bafkreihju7a6zywpv3adaeeg4nnyrkewurng5csavsspmqsgikzg2suhry,no,,,,0,1150000.0,none,0.0,,No TF1 overlap found in this archive; treat as an independent on-chain treasury withdrawal candidate unless another source reconciles it.
gov_action13tfag48nf94rtjcdq7c06vhkslmxxw9h6c88sl7q5g5nnewcsvlpk0mqrnw,"Withdraw ₳1,500,000 for Complement Catalyst: Extended Quadratic Funding---Zer...",expired,1500000.0,1,570,,ipfs://bafkreicek47fmmvljbc2bjosg23x7hj5h7ijg7on447oy5gfuii7opgm6y,no,,,,0,1500000.0,none,0.0,,No TF1 overlap found in this archive; treat as an independent on-chain treasury withdrawal candidate unless another source reconciles it.
gov_action13tfag48nf94rtjcdq7c06vhkslmxxw9h6c88sl7q5g5nnewcsvlpuz29v77,"Withdraw ₳3,000,000 for High-yield RWA Asset for Cardano: Tokenized Real Estate",expired,3000000.0,1,570,,ipfs://bafkreidccjzvdy7np2uybq22w4n52cqu2qguoaws4o3j3wvu2rk4n27npq,no,,,,0,3000000.0,none,0.0,,No TF1 overlap found in this archive; treat as an independent on-chain treasury withdrawal candidate unless another source reconciles it.
